word_a	word_b	rank_a	rank_b	english
je	je	1	2	of her
da	da	2	1	that
ne	ne	3	3	not
se	se	4	4	myself
i	i	5	5	and
u	u	6	6	in, at
to	to	7	7	that, the aforementioned
sam	sam	8	8	to be, to exist
što	što	9	16	why
na	na	10	9	on, at, in
ti	ti	11	10	you
za	za	12	12	for
mi	mi	13	11	we
si	si	14	13	to myself
li	li	15	14	question-forming interrogative particle
ja	ja	16	17	I
su	su	17	20	third-person plural present of bȉti
ali	ali	18	18	but
nije	nije	19	21	to be, to exist
s	s	20	47	with, together with, along with
samo	samo	21	23	just, only, only just, merely, solely
ga	ga	22	28	of him
me	me	23	24	of me
od	od	24	26	from, since
a	a	25	27	but, and
bi	bi	26	29	to be, to exist
ovo	ovo	27	22	this, this one
kako	kako	28	30	how
te	te	29	25	of you
će	će	30	37	third-person singular/plural present of htȅti/htjȅti
o	o	31	31	on, against
dobro	dobro	32	32	well
ako	ako	33	33	if
smo	smo	34	35	to be, to exist
sa	sa	35	19	alternative form of s; used instead of s when the following…
sve	sve	36	34	Intensity amplifier, used exclusively in phrases
kao	kao	37	36	as, like
ću	ću	38	57	first-person singular present of htȅti/htjȅti
biti	biti	39	53	to be, to exist
tako	tako	40	38	so, like that, in such a way
znam	znam	41	39	first-person singular present of znȁti
ste	ste	42	42	second-person plural present of bȉti
nisam	nisam	43	40	to be, to exist
ovdje	ovdje	44	163	here, over here
bio	bio	45	45	to be, to exist
mogu	mogu	46	41	can, to be able to
pa	pa	47	44	then
zašto	zašto	48	46	why, what for
on	on	49	48	he
još	još	50	49	more, another
redu	redu	51	52	row
bilo	bilo	52	51	generalization particle used before another word to express…
nešto	nešto	53	50	something
kad	kad	54	55	when
koji	koji	55	54	which, what
vas	vas	56	56	of you
mislim	mislim	57	60	to think
hvala	hvala	58	58	praise
iz	iz	59	59	from, out of
ili	ili	60	62	or
možda	možda	61	64	perhaps, maybe
ih	ih	62	65	of them
gdje	gdje	63	221	where
ima	ima	64	61	he has, she has
vam	vam	65	69	you
više	više	66	66	over, above
znaš	znaš	67	63	second-person singular present of znȁti
rekao	rekao	68	77	to say
sada	sada	69	68	genitive singular of sȃd
moj	moj	70	75	my, mine
onda	onda	71	67	then
bih	bih	72	73	first-person singular aorist of bȉti
tko	tko	73	271	who
mu	mu	74	76	to him
ćemo	ćemo	75	112	first-person plural present of htȅti/htjȅti
do	do	76	72	only, except
nema	nema	77	81	mute, dumb
bila	bila	78	78	to be, to exist
ništa	ništa	79	82	nothing
zar	zar	80	70	used in tag questions, to ask for an affirmation to a polar…
nas	nas	81	83	of us
ona	ona	82	86	she
želim	želim	83	99	first-person singular present of žèljeti
malo	malo	84	79	little, few, some
mene	mene	85	84	of me, long form
može	može	86	93	can, to be able to
vi	vi	87	97	you
molim	molim	88	88	to ask, request, beg
kada	kada	89	80	bathtub
reći	reći	90	142	to say
šta	šta	91	15	what
jer	jer	92	104	because, for
prije	prije	93	304	before, earlier
tebe	tebe	94	87	of you
hej	hej	95	101	hi
imam	imam	96	95	to have, possess, own
možeš	možeš	97	94	can, to be able to
sad	sad	98	89	now
tu	tu	99	100	here
ćeš	ćeš	100	118	second-person singular present of htȅti/htjȅti
zbog	zbog	101	96	because of, due to, owing to
ni	ni	102	90	even, either
nam	nam	103	98	to us
tamo	tamo	104	92	there
jesi	jesi	105	103	second-person singular present of bȉti
ljudi	ljudi	106	109	people, men
svi	svi	107	105	everyone
moram	moram	108	110	to have to; must
uvijek	uvijek	109	345	always
treba	treba	110	74	girl, chick
stvarno	stvarno	111	102	really, truly
hajde	hajde	112	91	let's go
po	po	113	106	half
jedan	jedan	114	115	one
koliko	koliko	115	111	how much, how many
već	već	116	114	already
idemo	idemo	117	116	to go, walk
misliš	misliš	118	113	to think
zato	zato	119	107	so, therefore, for that/this reason, ergo
baš	baš	120	108	at all, truly, really, exactly
nego	nego	121	119	than
neće	neće	122	122	to wish, want, desire
bez	bez	123	124	without, excluding, not counting
vrijeme	vrijeme	124	378	time
možemo	možemo	125	131	can, to be able to
dok	dok	126	121	while, as long as
koje	koje	127	120	which, what
ono	ono	128	127	it
joj	joj	129	130	to her
oni	oni	130	134	they
želiš	želiš	131	158	to wish, desire
toga	toga	132	126	that, the aforementioned
ovaj	ovaj	133	132	this, this one
žao	žao	134	145	sorry
imaš	imaš	135	128	to have, possess, own
taj	taj	136	136	that, the aforementioned
naravno	naravno	137	125	of course
mogao	mogao	138	150	can, to be able to
posao	posao	139	143	job
koja	koja	140	139	which, what
imamo	imamo	141	149	to have, possess, own
dana	dana	142	137	day
nikad	nikad	143	144	never
tvoj	tvoj	144	140	your, yours
dan	dan	145	154	day
bili	bili	146	161	to be, to exist
rekla	rekla	147	146	to say
put	put	148	151	to, toward
radi	radi	149	156	for, because of, for the sake of
godina	godina	150	148	year
bolje	bolje	151	147	comparative degree of dòbro: in a better or superior manner
svoje	svoje	152	176	one's own
nemoj	nemoj	153	159	don't
puno	puno	154	226	much, a lot, lots
neću	neću	155	157	to wish, want, desire
netko	netko	156	526	someone, somebody
meni	meni	157	165	to me
možete	možete	158	188	can, to be able to
kod	kod	159	138	by, at, near, besides
reci	reci	160	175	river
vidjeti	vidjeti	161	528	to see
jeste	jeste	162	152	emphatic yes
mama	mama	163	167	mom
dobar	dobar	164	168	good
dva	dva	165	177	two
mora	mora	166	155	sea
njega	njega	167	178	of him
imao	imao	168	182	to have, possess, own
stvar	stvar	169	179	thing
nisu	nisu	170	180	to be, to exist
život	život	171	173	life
im	im	172	172	to them
tata	tata	173	169	dad, daddy
vremena	vremena	174	181	time
radiš	radiš	175	164	to work
vidio	vidio	176	540	to see
volim	volim	177	171	to love
jako	jako	178	233	very, very much, really
pomoći	pomoći	179	261	help
ići	ići	180	347	to go, walk
vidim	vidim	181	153	first-person singular present of videti and vidjeti
kući	kući	182	174	home, at home
nikada	nikada	183	185	never
danas	danas	184	184	today
zna	zna	185	186	to know
trebao	trebao	186	284	to be needed, to be required
neka	neka	187	190	let, may
opet	opet	188	206	again
vrlo	vrlo	189	255	very, extremely
upravo	upravo	190	207	exactly, precisely
svoj	svoj	191	208	one's own
učiniti	učiniti	192	492	to do, make
nakon	nakon	193	294	after
odmah	odmah	194	187	right now, immediately
ime	ime	195	198	name
sigurno	sigurno	196	213	certainly
svoju	svoju	197	204	feminine accusative singular of svȏj
tri	tri	198	194	three
idem	idem	199	166	to go, walk
želi	želi	200	229	to wish, desire
evo	evo	201	183	look, see, behold
nitko	nitko	202	639	no one, nobody
jesam	jesam	203	210	first-person singular present of bȉti
čovjek	čovjek	204	640	man, person
mnogo	mnogo	205	129	many, a lot, lots
čemu	čemu	206	201	whereto, whither; to what
tim	tim	207	195	team
koju	koju	208	200	which, what
bit	bit	209	607	essence
zdravo	zdravo	210	141	healthily
oko	oko	211	203	around, about, roughly, approximately
no	no	212	519	but, however
tobom	tobom	213	196	with you
ćete	ćete	214	289	second-person plural present of htȅti/htjȅti
neki	neki	215	192	some
čak	čak	216	197	even
kaže	kaže	217	191	to say, to state
znao	znao	218	227	to know
nismo	nismo	219	212	to be, to exist
toliko	toliko	220	189	that much/many, so much/many, as much/many
ide	ide	221	211	to go, walk
žena	žena	222	205	woman
bok	bok	223	619	side
mnom	mnom	224	209	me
prema	prema	225	248	towards, at
postoji	postoji	226	219	to be, exist
ta	ta	227	223	that, the aforementioned
mjesto	mjesto	228	660	instead of
bude	bude	229	160	third-person singular present of bȉti
god	god	230	217	generalization particle
kažem	kažem	231	162	to say, to state
novac	novac	232	235	money
dovoljno	dovoljno	233	236	enough, sufficiently
imate	imate	234	247	to have, possess, own
vidi	vidi	235	170	third-person singular present
nemam	nemam	236	220	not to have
drugi	drugi	237	242	second
ju	ju	238	422	her
jednom	jednom	239	215	once, one time
prvi	prvi	240	234	first
način	način	241	257	way, method, approach, manner
otac	otac	242	222	father
došao	došao	243	244	to come, arrive
doći	doći	244	327	to come, arrive
znati	znati	245	447	to know
oprosti	oprosti	246	482	sorry!
tebi	tebi	247	225	to you
njih	njih	248	243	of them
lijepo	lijepo	249	676	beautifully, nicely
dakle	dakle	250	331	so, thus, therefore
vrata	vrata	251	269	neck
godine	godine	252	231	year
želite	želite	253	328	to wish, desire
vidimo	vidimo	254	214	first-person plural present
puta	puta	255	230	times
sranje	sranje	256	259	A very difficult situation, big trouble
sebe	sebe	257	241	myself
vaš	vaš	258	288	your, yours
razgovarati	razgovarati	259	585	to cheer up sb
čini	čini	260	344	third-person present singular of čìniti
naći	naći	261	338	to find, discover
nekoliko	nekoliko	262	275	some, several, a few
pravu	pravu	263	232	pure, true, genuine
dušo	dušo	264	240	soul
dalje	dalje	265	238	far
zajedno	zajedno	266	239	together
drago	drago	267	256	to be glad, pleased, delighted
problem	problem	268	246	problem
previše	previše	269	281	too much / too many
imati	imati	270	357	to have, possess, own
kroz	kroz	271	265	through
siguran	siguran	272	273	sure, certain
poput	poput	273	439	like, as, such as
sutra	sutra	274	237	tomorrow
vratiti	vratiti	275	390	to return, come back
ma	ma	276	263	bah, whatever
zapravo	zapravo	277	360	in fact, really, actually
ovamo	ovamo	279	253	hither, this way
dođi	dođi	280	274	to come, arrive
jedna	jedna	281	254	one
mogla	mogla	282	264	can, to be able to
dugo	dugo	283	278	for a long time
otići	otići	284	419	to leave, part, depart
pravo	pravo	285	293	straight
gore	gore	286	290	up, above
točno	točno	287	792	exactly, correctly
svaki	svaki	288	297	every, each
pod	pod	289	279	under, beneath
vidiš	vidiš	290	218	second-person singular present of videti and vidjeti
vama	vama	291	303	to you
osim	osim	292	315	except, besides
radim	radim	293	216	to work
oprostite	oprostite	294	530	sorry!
naš	naš	295	282	our, ours
njim	njim	296	272	him
dosta	dosta	297	245	enough, sufficiently
raditi	raditi	298	512	to work
ova	ova	299	249	feminine nominative singular
noć	noć	300	277	night, nighttime
mogli	mogli	301	296	can, to be able to
ubiti	ubiti	302	454	to kill, murder
niste	niste	303	306	to be, to exist
teško	teško	304	295	heavily
čuo	čuo	305	301	to hear
dobio	dobio	306	380	to receive, get, obtain, acquire
ovde	ovde	307	43	here
odavde	odavde	308	250	from here
koga	koga	309	252	of whom
brzo	brzo	310	270	quickly, rapidly
protiv	protiv	311	300	against
nećeš	nećeš	312	267	to wish, want, desire
loše	loše	313	280	bad, malicious
dijete	dijete	314	800	child, kid
večeras	večeras	315	283	this evening
vjerojatno	vjerojatno	316	881	probably
par	par	317	276	pair, couple
unutra	unutra	318	309	inside, indoors, in
pomoć	pomoć	319	319	help
sviđa	sviđa	320	318	to like, please
nama	nama	321	298	to us
mislite	mislite	322	322	to think
dio	dio	323	798	part
isto	isto	324	292	as well, also, too, likewise
dvije	dvije	325	797	two
auto	auto	326	342	car, automobile
istina	istina	327	332	truth
ovu	ovu	328	291	this, this one
neko	neko	329	133	someone, somebody
imala	imala	330	316	to have, possess, own
napraviti	napraviti	331	636	to do, commit
mali	mali	332	302	small
imaju	imaju	333	324	to have, possess, own
njegov	njegov	334	336	his
ljude	ljude	335	333	people, men
dolje	dolje	336	945	down
minuta	minuta	337	307	minute
ovako	ovako	338	286	in this way, thus, like so
bismo	bismo	339	368	first-person plural aorist of bȉti
ko	ko	340	85	who
prvo	prvo	341	299	that which is the first
rekli	rekli	342	349	to say
mog	mog	343	285	genitive masculine/neuter
uz	uz	344	358	up, upward
tip	tip	345	375	type
imali	imali	346	343	to have, possess, own
sto	sto	347	311	hundred
preko	preko	348	326	over
van	van	349	500	except
ovom	ovom	350	314	this, this one
vjerujem	vjerujem	351	875	to believe, have faith in
otišao	otišao	352	354	to leave, part, depart
kuće	kuće	353	323	house
dati	dati	354	505	to give
misli	misli	355	340	to think
pravi	pravi	356	310	pure, true, genuine
zove	zove	357	341	to call, to be called
mrtav	mrtav	358	364	dead, deceased
broj	broj	359	352	number
majka	majka	360	313	mother
prijatelj	prijatelj	361	377	friend
one	one	362	329	they; nonvirile third-person plural pronoun, used for all…
radio	radio	363	346	to work
ruke	ruke	364	355	arm
kasnije	kasnije	365	305	later on, afterwards
vjerovati	vjerovati	366	920	to believe, have faith in
natrag	natrag	367	795	back, backwards
pet	pet	368	359	five
jednostavno	jednostavno	369	408	simply
pusti	pusti	370	325	to let, let go, release
ostati	ostati	371	527	to stay, remain
novi	novi	372	372	new
obitelj	obitelj	373	1056	family
nekoga	nekoga	374	407	genitive of nȅtko / nȅko
kakav	kakav	375	334	what kind of
gotovo	gotovo	376	409	almost, hardly
onaj	onaj	377	350	that, that one
svojim	svojim	378	376	one's own
veze	veze	379	366	connection, link
govori	govori	380	389	speech
poslije	poslije	381	928	later
iza	iza	382	381	behind
nju	nju	383	353	her
napravio	napravio	384	552	to do, commit
posla	posla	385	374	job
života	života	386	363	life
stari	stari	387	483	old
došli	došli	388	394	to come, arrive
budi	budi	389	339	second-person singular imperative of bȉti
važno	važno	390	396	importantly
ipak	ipak	391	370	still, however, but, yet, anyway, nevertheless,…
svog	svog	392	369	one's own
pitanje	pitanje	393	391	question
uopće	uopće	394	1063	generally, in general
zaista	zaista	395	268	indeed
njemu	njemu	396	398	to him
znala	znala	397	384	to know
ideš	ideš	398	320	to go, walk
njima	njima	399	388	to them
njom	njom	400	397	her
želio	želio	401	986	to wish, desire
sin	sin	402	387	son
vezi	vezi	403	361	connection, link
sama	sama	404	382	self
jest	jest	405	933	third-person singular present of bȉti
također	također	406	1096	likewise, also, too
žene	žene	407	383	genitive singular
tada	tada	408	414	then, at that time
trenutak	trenutak	409	411	moment
jutro	jutro	410	402	morning
bog	bog	411	425	god, deity
vidjeli	vidjeli	412	1113	to see
valjda	valjda	413	434	probably, likely
između	između	414	442	between
biste	biste	415	468	genitive singular
priča	priča	416	365	story, tale
briga	briga	417	418	worry, concern
volio	volio	418	1054	to love
pronaći	pronaći	419	692	to find
uzeti	uzeti	420	646	to take
slučaj	slučaj	421	470	case, occurrence, event, incident
najbolje	najbolje	422	403	superlative degree of dòbro
morao	morao	423	443	to have to; must
bar	bar	424	371	at least
uskoro	uskoro	425	405	soon
ha	ha	426	590	expresses laughter
spreman	spreman	427	437	ready, prepared
ozbiljno	ozbiljno	428	448	seriously
voli	voli	429	393	to love
jasno	jasno	430	469	clearly, obviously
oca	oca	431	404	father
noći	noći	432	435	night, nighttime
svijet	svijet	433	1222	world
srce	srce	434	395	a heart
riječ	riječ	435	1188	word
sebi	sebi	436	362	to myself
drži	drži	437	413	to hold, grasp
sat	sat	438	452	clock, watch
kuću	kuću	439	432	house
čudno	čudno	440	449	oddly, weirdly, strangely
gde	gde	441	71	where
jedini	jedini	442	444	sole, only
došla	došla	443	424	feminine singular active past participle
osoba	osoba	444	487	person
ovoga	ovoga	445	415	filled pause; er, uh, um
sjajno	sjajno	446	406	great, magnificently, excellently
potpuno	potpuno	447	412	completely, entirely, wholly
moći	moći	448	430	can, to be able to
žele	žele	449	525	jelly
čega	čega	450	410	of what
odlično	odlično	451	385	excellently, terrifically
veoma	veoma	452	199	very, very much, extremely
prilično	prilično	453	498	rather, pretty, quite, fairly
grad	grad	454	459	city, town
našao	našao	455	426	to find, discover
tek	tek	456	433	only, only just, hardly, barely
budem	budem	457	260	to be, to exist
ženu	ženu	458	446	woman
životu	životu	459	438	life
sretan	sretan	460	979	happy, merry
nemaš	nemaš	461	431	not to have
halo	halo	462	436	hello
oči	oči	463	457	eye
kojeg	kojeg	464	717	masculine genitive singular
nećemo	nećemo	465	450	to wish, want, desire
nekog	nekog	466	367	genitive of nȅtko / nȅko
ikada	ikada	467	480	ever, at any time
stalno	stalno	468	423	continuously
lako	lako	469	440	easily
dečki	dečki	470	1117	boy
strane	strane	471	428	side
četiri	četiri	472	496	four
svijetu	svijetu	473	1250	world
vidite	vidite	474	379	second-person plural present
sata	sata	475	481	clock, watch
velika	velika	476	467	big, large
ideja	ideja	477	445	idea
najbolji	najbolji	478	475	good
pred	pred	479	464	before, just before, shortly before
dvoje	dvoje	480	493	two
ljudima	ljudima	481	485	people, men
skoro	skoro	482	386	soon
ljubav	ljubav	483	429	love, affection
blizu	blizu	484	494	near, close
svih	svih	485	472	all, complete, whole
e	e	486	484	hey
nemamo	nemamo	487	486	not to have
jesu	jesu	488	559	third-person plural present of bȉti
kraj	kraj	489	466	near, next to, beside
vani	vani	490	1090	outside, outdoors, out
oružje	oružje	491	542	weapon
momci	momci	492	312	a young man, lad
negdje	negdje	493	1264	somewhere
ponekad	ponekad	494	427	sometimes
brat	brat	495	477	brother
plan	plan	496	513	plan
ruku	ruku	497	490	arm
ponovno	ponovno	498	1221	repeatedly, once again
pola	pola	499	451	half
dečko	dečko	500	539	boy
vratio	vratio	501	499	to return, come back
brod	brod	502	522	ship
moguće	moguće	503	503	possibly
policija	policija	504	514	police
k	k	505	701	to
kamo	kamo	506	1152	where, in which direction, whither
rade	rade	507	465	to work
prava	prava	508	456	pure, true, genuine
svom	svom	509	504	one's own
djevojka	djevojka	510	1329	girl, maiden
pojma	pojma	511	516	concept, idea, notion
radite	radite	512	462	to work
brini	brini	513	420	to worry
razlog	razlog	514	538	reason, cause
mjesta	mjesta	515	1297	place
sinoć	sinoć	516	529	last night, yesterday night; yesterday evening
pištolj	pištolj	517	549	pistol, handgun
niti	niti	518	666	nor
tijelo	tijelo	519	1391	body
kažu	kažu	520	473	to say, to state
daleko	daleko	521	523	far
lice	lice	522	507	face
tjedan	tjedan	523	1252	week
mala	mala	524	460	small
smrt	smrt	525	508	death
našli	našli	526	535	to find, discover
ovoj	ovoj	527	471	wrapping, shell, casing, covering
radimo	radimo	528	401	to work
živi	živi	529	458	live, alive
draga	draga	530	463	bay, gulf
mjestu	mjestu	531	1381	place
manje	manje	532	520	less
barem	barem	533	677	at least
sina	sina	534	515	shadow; shade
umrijeti	umrijeti	535	1435	to die
novca	novca	536	524	money
svega	svega	537	501	masculine genitive singular
pazi	pazi	538	478	to beware, watch out, be careful
sobu	sobu	539	518	room
ikad	ikad	540	572	ever, at any time
pitati	pitati	541	912	to ask
šest	šest	542	545	six
svima	svima	543	531	everyone, everybody
budeš	budeš	544	335	to be, to exist
ponovo	ponovo	545	262	repeatedly, once again
kraju	kraju	546	495	end, ending
polako	polako	547	489	slowly
nje	nje	548	521	of her
oboje	oboje	549	594	both
čujem	čujem	550	488	to hear
djeca	djeca	551	1415	children
voliš	voliš	552	476	to love
pitam	pitam	553	399	to ask
pogledajte	pogledajte	554	599	to look, glance, cast an eye upon
spremni	spremni	555	579	ready, prepared
želimo	želimo	556	600	to wish, desire
umro	umro	557	558	to die
sobi	sobi	558	546	room
čula	čula	559	534	to hear
ranije	ranije	560	421	early
šanse	šanse	561	517	chance, opportunity
čim	čim	562	551	the, as
odakle	odakle	563	497	whence, from where
čuti	čuti	564	906	to hear
vodi	vodi	565	511	water
iako	iako	566	573	albeit, although, even though
laku	laku	567	506	easy
uzeo	uzeo	568	581	to take
ispod	ispod	569	550	below, under, beneath
dajte	dajte	570	575	to give
njoj	njoj	571	561	to her
nekako	nekako	572	553	somehow
njegove	njegove	573	562	his
otišla	otišla	574	548	to leave, part, depart
gledati	gledati	575	917	to watch, look, see
morati	morati	576	615	to have to; must
vode	vode	577	554	water
krv	krv	578	578	blood
poruku	poruku	579	580	message
smiješno	smiješno	580	1402	ridiculously, funnily
dođe	dođe	581	547	to come, arrive
dragi	dragi	582	544	dear
gradu	gradu	583	574	city, town
doma	doma	584	1138	at home, home
piće	piće	585	568	drink, beverage
ujutro	ujutro	586	818	in the morning
zbilja	zbilja	587	1170	indeed
živjeti	živjeti	588	1570	to live, exist, be alive
bile	bile	589	537	moreover, even
sestra	sestra	590	587	sister
zanima	zanima	591	659	to interest
pričati	pričati	592	872	to narrate, tell
ostani	ostani	593	592	to stay, remain
ostaviti	ostaviti	594	802	to leave
putu	putu	595	606	road
jedino	jedino	596	567	only, solely
rat	rat	597	597	war
poziv	poziv	598	654	call
znali	znali	599	650	to know
ubojstvo	ubojstvo	600	1866	murder
očito	očito	601	1118	obviously
pitao	pitao	602	608	to ask
ubojica	ubojica	603	1776	murderer, killer
telefon	telefon	604	584	telephone
ovome	ovome	605	593	this, this one
takav	takav	606	596	such, of such kind
dogoditi	dogoditi	607	1017	to happen
kuća	kuća	608	589	house
isti	isti	609	614	same
zadnji	zadnji	610	850	back, rear, hind
deset	deset	611	602	ten
ispred	ispred	612	565	in front of, before
boli	boli	613	634	to stab
sastanak	sastanak	614	560	tryst
ondje	ondje	615	1605	there, over there
nekim	nekim	616	583	instrumental of nȅtko / nȅko
naprijed	naprijed	617	1642	forward, forwards
jedina	jedina	619	616	sole, only
time	time	620	697	masculine/neuter instrumental singular of tȃj
san	san	621	582	sleep
govoriti	govoriti	622	1112	to speak, talk, converse
priliku	priliku	623	719	opportunity
pre	pre	624	117	before, earlier
svim	svim	625	620	masculine/neuter instrumental singular
neku	neku	626	510	some
tih	tih	627	655	quiet, silent
zemlji	zemlji	628	605	earth
uvek	uvek	629	123	always
poslu	poslu	630	633	job
doista	doista	631	1616	truly, indeed
večer	večer	632	1628	evening
čuli	čuli	633	681	to hear
poslao	poslao	634	657	to send
zemlju	zemlju	635	621	earth
tražio	tražio	636	631	to seek, look for, search
jutros	jutros	637	651	this morning
muž	muž	638	601	husband
igra	igra	639	586	to play
zovem	zovem	640	563	to call, to be called
nazvati	nazvati	641	1143	to name
ovih	ovih	642	591	masculine genitive plural
drugu	drugu	643	630	friend
miru	miru	644	626	peace
čeka	čeka	645	635	to wait, await
stan	stan	646	680	flat, apartment
shvatio	shvatio	647	669	to understand, comprehend, grasp, conceive
izaći	izaći	648	883	to go out, leave, come out, get out
ostali	ostali	649	625	to stay, remain
živ	živ	650	661	live, alive
vijesti	vijesti	651	1675	news
tjedna	tjedna	653	1734	week
pustiti	pustiti	654	891	to let, let go, release
jučer	jučer	655	1684	yesterday
kriv	kriv	656	682	guilty, culpable
čekati	čekati	657	1083	to wait, await
odgovor	odgovor	658	667	answer
inače	inače	659	707	otherwise
pokazati	pokazati	660	980	to show, demonstrate
odvesti	odvesti	661	882	to take, take away
jesmo	jesmo	662	721	first-person plural present of bȉti
film	film	663	609	film
ovi	ovi	664	595	this, this one
druga	druga	665	623	friend
jedva	jedva	666	652	barely, hardly, scarcely, only just
među	među	667	675	between
sljedeći	sljedeći	668	1873	next, following
mjesec	mjesec	669	1694	moon
desilo	desilo	670	258	to happen, occur
obično	obično	671	649	usually, commonly, ordinarily
sine	sine	672	588	son
brata	brata	673	658	brother
krevet	krevet	674	637	bed
zatim	zatim	675	838	then, afterwards
vrsta	vrsta	676	730	kind, sort
piše	piše	677	656	to write
lud	lud	678	643	crazy
kojem	kojem	679	1032	which, what
dali	dali	680	662	masculine plural active past participle of dȁti
svakako	svakako	681	665	certainly, of course
gle	gle	682	1185	look, behold
grada	grada	683	674	city, town
ući	ući	684	1012	to enter, go into, come in
umjesto	umjesto	685	1727	instead of
pored	pored	686	461	beside, next to, alongside
nećete	nećete	687	687	to wish, want, desire
djece	djece	688	1808	children
vreme	vreme	690	135	time
kraja	kraja	691	648	end, ending
čuješ	čuješ	692	618	to hear
uraditi	uraditi	693	557	to do, make
razgovor	razgovor	694	774	talk, conversation
zaustaviti	zaustaviti	695	1060	to stop
dobri	dobri	696	685	good
misle	misle	697	699	to think
zemlje	zemlje	698	671	earth
godinu	godinu	699	694	year
video	video	700	193	to see
prestati	prestati	701	975	to stop, quit
jebeno	jebeno	702	728	fucking
kim	kim	703	644	whom
savršeno	savršeno	704	678	perfectly
smijem	smijem	705	1744	may, can
bolji	bolji	706	703	good
njen	njen	707	543	her, hers
nova	nova	708	670	new
drugom	drugom	709	632	friend
završiti	završiti	710	952	to end, end up, wind up
red	red	711	691	row
um	um	712	786	mind
dobila	dobila	713	684	to receive, get, obtain, acquire
noge	noge	714	683	leg
strani	strani	715	729	side
nastavi	nastavi	716	642	to continue
momak	momak	717	533	a young man, lad
početi	početi	718	990	to begin, start, commence
dom	dom	719	759	home, house
igrati	igrati	720	1172	to play
strašno	strašno	721	672	terribly, awfully, horribly
eto	eto	722	622	look, see, behold
spasiti	spasiti	723	1202	to save, salvage
leđa	leđa	724	796	back
ured	ured	725	1666	office
iskreno	iskreno	726	702	sincerely, honestly
the	the	727	794	alternative spelling of da
često	često	728	706	often
roditelji	roditelji	730	693	parent
gospodin	gospodin	731	668	gentleman
izvan	izvan	732	1094	outside, out of
zbogom	zbogom	733	705	goodbye, farewell
riješiti	riješiti	734	1856	to solve
platiti	platiti	735	1078	to pay
zauvijek	zauvijek	736	1921	forever
posebno	posebno	737	664	individually, separately
sretno	sretno	738	1648	luckily, with luck, having luck, with the help of luck
staviti	staviti	739	1238	to put, place
uspio	uspio	740	1848	to succeed, make good
saznati	saznati	741	1016	to find out, come to know
kćer	kćer	742	1594	alternative form of kćȋ
glavni	glavni	743	745	main, chief, principal
sobom	sobom	745	714	myself
oče	oče	746	690	father
prošli	prošli	747	869	past, gone by
nove	nove	748	731	new
pravila	pravila	749	720	rule
kome	kome	750	555	to whom
dopustiti	dopustiti	751	1382	to allow, permit, let
nazad	nazad	752	392	back, backwards
shvatiti	shvatiti	753	1285	to understand, comprehend, grasp, conceive
brinuti	brinuti	754	1190	to worry
godinama	godinama	755	716	for years; in years
zatvor	zatvor	756	768	prison, jail
stara	stara	757	754	old
držati	držati	758	1178	to hold, grasp
promijeniti	promijeniti	759	1962	to change
kurac	kurac	760	873	penis, dick, cock
napad	napad	761	757	attack, assault, aggression
pokušaj	pokušaj	763	758	attempt, try
tiče	tiče	764	741	bird
sedam	sedam	765	734	seven
imena	imena	766	791	genitive singular of ȉme
kunem	kunem	767	735	to curse
doktor	doktor	768	617	doctor, physician
nemoguće	nemoguće	769	722	impossibly
izgubiti	izgubiti	770	1052	to lose, misplace
policajac	policajac	771	827	policeman
cura	cura	772	1325	girl
kupiti	kupiti	773	1182	to buy, purchase
konačno	konačno	774	645	finally, at last
izvući	izvući	775	1014	to pull out, draw out
kralj	kralj	776	751	king
pas	pas	777	779	dog
glas	glas	778	756	voice
pokušati	pokušati	779	1105	to try, attempt
našla	našla	780	713	to find, discover
jesti	jesti	781	1241	to eat, consume
nosi	nosi	782	689	to carry, bring
brate	brate	783	612	brother
slike	slike	784	739	picture, image
spavati	spavati	785	1337	to sleep
sir	sir	786	982	cheese
šef	šef	787	787	chief, boss, manager, director, head
hajdemo	hajdemo	788	624	let's go
pitanju	pitanju	789	628	question
novu	novu	790	761	new
kasno	kasno	791	698	late
idu	idu	792	724	to go, walk
radila	radila	793	738	to work
loš	loš	794	736	bad, malicious
hranu	hranu	795	744	food
šteta	šteta	796	748	damage, harm
išta	išta	797	948	any
postati	postati	798	923	to become, turn, get
kojim	kojim	799	750	which, what
dokaz	dokaz	800	819	proof, evidence
tražiti	tražiti	801	1225	to seek, look for, search
rođendan	rođendan	802	784	birthday
rad	rad	803	793	willing
nemate	nemate	804	785	not to have
kvragu	kvragu	805	1950	damn, dammit
znak	znak	806	772	sign
nositi	nositi	807	1343	to carry, bring
vodu	vodu	808	740	water
niko	niko	810	202	no one, nobody
misliti	misliti	811	1160	to think
usta	usta	812	767	mouth
smeta	smeta	813	776	to mind, care about
stigao	stigao	814	715	to arrive, reach
rukama	rukama	816	790	arm
poslati	poslati	817	1076	to send
muškarac	muškarac	818	816	male, man
završio	završio	819	764	to end, end up, wind up
društvo	društvo	820	727	society
srediti	srediti	821	1115	to arrange, settle, put in order
naši	naši	822	820	our, ours
upoznati	upoznati	823	1200	to familiarize, get to know, get acquainted with
ključ	ključ	824	844	key
trenutno	trenutno	825	704	currently
zvati	zvati	826	1059	to call, to be called
bitno	bitno	827	732	essentially, in essence
osam	osam	828	801	eight
trenutku	trenutku	829	824	moment
budu	budu	830	610	to be, to exist
soba	soba	831	773	room
pogled	pogled	832	812	view
zakon	zakon	833	868	law, rule
čast	čast	834	799	honour
pogledati	pogledati	835	1458	to look, glance, cast an eye upon
iznad	iznad	836	805	above, over
kapetan	kapetan	837	822	captain
otkad	otkad	838	984	since, ever since
koristiti	koristiti	839	1328	to use, utilize
agent	agent	840	908	agent
budemo	budemo	841	613	first-person plural present of bȉti
pismo	pismo	842	769	alphabet
odem	odem	843	564	to leave, part, depart
ostatak	ostatak	844	922	remainder, rest
išao	išao	845	811	to go, walk
zaboraviti	zaboraviti	846	1049	to forget
izbor	izbor	847	837	choice
proći	proći	848	1055	to pass, go
mozak	mozak	849	825	brain
zemlja	zemlja	850	782	earth
počinje	počinje	851	789	to begin, start, commence
nastaviti	nastaviti	852	1215	to continue
svejedno	svejedno	854	978	all the same
kladim	kladim	855	803	to bet, wager
zadržati	zadržati	857	1375	to keep, retain, withhold
knjigu	knjigu	858	821	book
biće	biće	859	308	to be, to exist
auta	auta	860	1018	car, automobile
drugačije	drugačije	861	726	differently
gledao	gledao	862	839	to watch, look, see
objasniti	objasniti	863	1331	to explain
svaka	svaka	864	809	brother-in-law
njihov	njihov	865	865	their, theirs
novo	novo	866	815	new
božić	božić	867	855	god, deity
glupo	glupo	868	843	stupid, foolish
većina	većina	869	889	majority, most
zoveš	zoveš	870	742	to call, to be called
seks	seks	871	777	sex
ludo	ludo	872	910	crazily, insanely
napokon	napokon	873	1272	finally, at last
cure	cure	874	1443	girl
kakvo	kakvo	875	781	what kind of
prokletstvo	prokletstvo	876	780	curse
loša	loša	877	851	bad, malicious
moć	moć	878	845	power
zovu	zovu	879	840	to call, to be called
onu	onu	880	807	feminine accusative singular of ònāj
naučiti	naučiti	882	1317	to teach, train, instruct
uđi	uđi	883	830	to enter, go into, come in
slika	slika	884	808	picture, image
okolo	okolo	885	832	around
nemaju	nemaju	886	852	not to have
budite	budite	887	854	to be, to exist
nekad	nekad	890	696	once, in former times
budućnost	budućnost	891	870	future
pozdrav	pozdrav	892	1313	greeting, salutation
nad	nad	893	896	over, above
definitivno	definitivno	895	862	definitely
autu	autu	896	1270	car, automobile
slobodno	slobodno	897	842	freely
početak	početak	899	916	beginning
izvinite	izvinite	900	287	sorry!
pošto	pošto	901	556	after
sasvim	sasvim	902	688	completely, entirely, wholly
govore	govore	903	967	speech
ionako	ionako	905	921	anyway, anyhow
pivo	pivo	906	836	beer
ovuda	ovuda	907	831	this way, in this direction
krenuti	krenuti	908	1449	to move, set in motion
žrtva	žrtva	909	997	sacrifice
bol	bol	910	887	pain, aching
dvojica	dvojica	911	863	two men
ajde	ajde	912	749	alternative form of hàjde
luda	luda	913	835	madman, insane person
dogovor	dogovor	914	894	agreement, deal
slažem	slažem	915	890	to lie
ručak	ručak	916	871	lunch, dinner, usually the main meal of the day
uništiti	uništiti	917	1389	to destroy, annihilate
nekom	nekom	918	763	dative of nȅtko / nȅko
zanimljivo	zanimljivo	919	1030	interestingly
račun	račun	920	913	calculus
sav	sav	921	841	all, complete, whole
gotov	gotov	923	961	ready, prepared
duboko	duboko	924	935	deeply
korak	korak	925	931	step
gđa	gđa	926	1134	Mrs
prijateljica	prijateljica	928	1040	friend
njegovom	njegovom	929	853	his
pao	pao	930	946	active past participle of pȁsti
pogrešno	pogrešno	931	752	wrongly, erroneously
odjednom	odjednom	932	888	suddenly, unexpectedly, at once
došlo	došlo	933	925	to come, arrive
voda	voda	934	846	water
knjige	knjige	935	874	book
trag	trag	938	1028	trace
pokaži	pokaži	939	879	to show, demonstrate
miči	miči	940	1619	to move
rata	rata	941	900	war
stanju	stanju	942	857	condition, state
apsolutno	apsolutno	943	867	absolutely
stoji	stoji	945	901	third-person singular present of stàjati
rado	rado	946	1106	gladly, happily
odgovara	odgovara	947	941	third-person singular present of odgovárati
stigli	stigli	948	813	masculine plural past active participle of stignuti pf
zovi	zovi	949	810	to call, to be called
boriti	boriti	950	1494	to fight, struggle
ulazi	ulazi	951	858	entrance
šališ	šališ	953	958	to joke; to joke around
glava	glava	954	886	head
idete	idete	955	828	to go, walk
kuda	kuda	956	708	which way, in what direction
slušati	slušati	957	1715	to listen
slučajno	slučajno	958	934	accidentally
zabava	zabava	959	1057	fun, amusement
kola	kola	960	474	cart, wagon, vehicle
nogu	nogu	961	942	leg
hrane	hrane	962	903	food
supruga	supruga	963	1216	wife, female spouse
beba	beba	964	829	baby
pomaže	pomaže	965	995	third-person singular present indicative of pomagati impf
jebote	jebote	966	859	fuck, holy shit, for fuck's sake
napisao	napisao	967	955	to write
svako	svako	968	603	everyone, everybody
nažalost	nažalost	969	1084	unfortunately
nađemo	nađemo	970	747	to find, discover
knjiga	knjiga	971	924	book
kreni	kreni	972	902	to move, set in motion
pun	pun	973	904	full, filled
ostao	ostao	974	914	to stay, remain
duh	duh	975	911	ghost, spirit
putem	putem	976	962	by means of, by way of, through
m	m	977	1031	masculine gender
lica	lica	978	968	face
trebati	trebati	979	1104	to be needed, to be required
ista	ista	980	938	same
tv	tv	981	898	TV
pomalo	pomalo	983	897	a little bit
igru	igru	984	940	play
prozor	prozor	985	949	window
prekasno	prekasno	986	1119	too late, belatedly
užasno	užasno	987	856	terribly
tajna	tajna	989	993	secret
otvoriti	otvoriti	990	1572	to open
jaja	jaja	991	927	egg
njegovog	njegovog	992	823	his
žive	žive	993	878	live, alive
vide	vide	994	814	third-person plural present
sobe	sobe	995	936	room
mišljenje	mišljenje	996	996	opinion
iznenađenje	iznenađenje	998	977	surprise
pri	pri	999	998	close to, near, at
brodu	brodu	1000	1093	ship
greška	greška	1002	778	fault
ćao	ćao	1003	317	hi!
stići	stići	1005	1033	alternative form of stȉgnuti
krevetu	krevetu	1006	947	bed
mir	mir	1008	991	peace
strah	strah	1009	1044	fear, dread
završi	završi	1011	866	to end, end up, wind up
zamisliti	zamisliti	1012	1653	to imagine
ušao	ušao	1013	987	to enter, go into, come in
slobodan	slobodan	1014	943	free
usput	usput	1016	1150	by the way
malu	malu	1017	893	small
ženi	ženi	1019	969	woman
niz	niz	1020	992	down, along
pristup	pristup	1021	1165	access
izgubila	izgubila	1022	965	to lose, misplace
tiho	tiho	1023	1237	quietly, silently
doba	doba	1024	1006	time
davno	davno	1025	1069	long ago
ženom	ženom	1026	963	woman
konja	konja	1027	1007	horse
male	male	1028	885	small
uglavnom	uglavnom	1029	1005	mostly, in general
čime	čime	1030	994	what
priznati	priznati	1032	1568	to acknowledge, recognize
dar	dar	1033	1460	gift
dovesti	dovesti	1034	1480	to transfer something by driving
avion	avion	1035	860	aeroplane
sjajan	sjajan	1036	970	radiant, brilliant, shining
mnogi	mnogi	1037	1008	many
hladno	hladno	1038	944	coldly
čudo	čudo	1039	989	wonder, miracle
zaboga	zaboga	1040	1021	for goodness' sake!
ljut	ljut	1042	1097	angry
ben	ben	1043	1122	birthmark, mole, naevus
zadovoljstvo	zadovoljstvo	1046	926	pleasure
veza	veza	1047	1009	connection, link
metak	metak	1048	1198	bullet
živa	živa	1049	1023	live, alive
baci	baci	1050	939	to throw, cast
jezik	jezik	1051	1027	tongue
poklon	poklon	1052	783	gift, present
prsten	prsten	1053	1080	ring
otkriti	otkriti	1054	1561	to uncover, unveil
novog	novog	1055	973	new
prokleti	prokleti	1056	966	to curse
prati	prati	1058	905	to follow
prilika	prilika	1059	1098	opportunity
očima	očima	1061	1019	eye
počeli	počeli	1062	1046	to begin, start, commence
dokaze	dokaze	1064	1176	proof, evidence
zadatak	zadatak	1065	1010	task, assignment
boje	boje	1066	1131	color, tint
glup	glup	1067	1025	stupid, foolish
voziti	voziti	1068	1747	to drive
dobrodošli	dobrodošli	1069	1053	welcome
pametan	pametan	1070	1035	smart, clever
pitala	pitala	1071	976	to ask
opasno	opasno	1072	983	dangerously
ka	ka	1073	700	as, like
slično	slično	1074	1087	similarly
mlada	mlada	1075	960	young
pozvati	pozvati	1076	1361	to call
detektiv	detektiv	1077	1227	detective
čisto	čisto	1080	1082	purely
čaj	čaj	1081	1026	tea
sunce	sunce	1082	919	sun
pakao	pakao	1083	1153	hell
obzirom	obzirom	1084	1146	consideration, care, respect
klub	klub	1085	1065	club
zlato	zlato	1086	1148	gold
dokaza	dokaza	1087	1239	proof, evidence
brak	brak	1088	1013	marriage
rano	rano	1089	1039	early
brine	brine	1092	981	to worry
vlada	vlada	1093	1077	government
čovek	čovek	1094	224	man, person
test	test	1095	1034	test
osiguranje	osiguranje	1096	1534	insurance, assurance
smeće	smeće	1097	1632	trash, waste, garbage
ples	ples	1098	1145	dance
otkud	otkud	1099	880	whence, from where
uđite	uđite	1100	1058	to enter, go into, come in
devet	devet	1101	1072	nine
uhvatiti	uhvatiti	1102	1529	to grab, seize, take hold of
komad	komad	1103	1436	piece, part
ostane	ostane	1104	876	to stay, remain
mislimo	mislimo	1105	1116	to think
unutar	unutar	1106	1358	within, inside, in
dokazati	dokazati	1107	1845	to prove
normalno	normalno	1108	1024	normally
nos	nos	1109	1085	nose
tajne	tajne	1111	1137	secret
sud	sud	1112	1114	court
idiot	idiot	1113	1066	teleprompter
očigledno	očigledno	1114	663	obviously
jeli	jeli	1115	1128	to eat, consume
uzela	uzela	1116	1041	to take
lepo	lepo	1117	228	beautifully, nicely
snage	snage	1118	1129	strength, power
nož	nož	1119	1142	knife
potreban	potreban	1120	746	necessary
bolestan	bolestan	1121	1079	sick, ill
voditi	voditi	1122	1607	to lead
kosu	kosu	1123	1061	hair
čuj	čuj	1124	1234	to hear
vaši	vaši	1125	1236	louse
obojica	obojica	1127	1075	both
pitaš	pitaš	1128	877	to ask
popraviti	popraviti	1129	1811	to fix, repair
vikend	vikend	1130	1164	weekend
donesi	donesi	1131	988	to bring, carry
poći	poći	1132	1611	to go, go away, leave, depart
svu	svu	1133	1051	feminine accusative singular of sȁv
hotel	hotel	1134	1047	hotel
glupa	glupa	1135	1043	stupid, foolish
umre	umre	1136	930	to die
osobe	osobe	1137	1302	person
program	program	1138	1140	program
seksi	seksi	1139	1110	sexy
hrana	hrana	1140	1048	food
onako	onako	1142	929	in that way, so, like that
usred	usred	1144	1388	in the middle of
krenuo	krenuo	1145	1003	to move, set in motion
poruka	poruka	1146	1136	message
prijateljima	prijateljima	1147	1201	friend
slatko	slatko	1148	1133	dessert
de	de	1149	918	where
stanje	stanje	1152	1209	condition, state
stare	stare	1153	1144	old
nekada	nekada	1154	834	once, in former times
otkaz	otkaz	1155	1244	resignation
prave	prave	1156	909	pure, true, genuine
stiže	stiže	1159	1071	to arrive, reach
klinac	klinac	1161	1141	kid, child
dupe	dupe	1162	861	ass
najmanje	najmanje	1163	1149	least
budala	budala	1164	1000	fool, idiot, simpleton
kriva	kriva	1165	1175	guilty, culpable
nađem	nađem	1166	710	to find, discover
nikako	nikako	1167	1050	in no way
grozno	grozno	1168	1326	terribly
odluka	odluka	1169	1235	decision
ocu	ocu	1170	1081	father
eno	eno	1171	932	look, see, behold
veći	veći	1172	1121	big, large
cilj	cilj	1173	1191	aim, goal, purpose
prihvatiti	prihvatiti	1174	1649	to accept
šala	šala	1175	1130	joke
odličan	odličan	1176	1036	excellent, great
njegovim	njegovim	1177	1123	his
skupa	skupa	1178	1913	together, jointly
dnk	dnk	1179	1274	initialism of dezoksiribonukleinska kiselina
mirno	mirno	1180	1067	peacefully
skroz	skroz	1181	957	through
signal	signal	1182	1229	signal
težak	težak	1183	1095	heavy, weighty
budete	budete	1184	847	second-person plural present of bȉti
uzeli	uzeli	1186	1157	to take
desno	desno	1187	1103	right
platio	platio	1188	1177	to pay
mladi	mladi	1189	1088	young
važi	važi	1190	536	to weigh
vraća	vraća	1191	1126	third-person singular present of vraćati
osobu	osobu	1192	1321	person
zid	zid	1193	1171	wall
duže	duže	1194	1015	debt
ruka	ruka	1195	1168	arm
igre	igre	1197	1189	play
nedavno	nedavno	1198	1401	recently
iste	iste	1199	1120	same
napustiti	napustiti	1200	1673	to leave
odmor	odmor	1202	1101	rest, relaxation
velik	velik	1203	1768	big, large
poslali	poslali	1204	1262	to send
partner	partner	1205	1303	partner
pita	pita	1206	1089	to ask
glupi	glupi	1207	1159	stupid, foolish
prošlost	prošlost	1208	1179	past, history
ulice	ulice	1209	1208	street
kamion	kamion	1210	1269	truck
zadnja	zadnja	1211	1593	back, rear, hind
dođem	dođem	1213	950	to come, arrive
mesto	mesto	1214	251	instead of
prodati	prodati	1215	1833	to sell
sreća	sreća	1216	1099	happiness
vise	vise	1217	951	third-person plural present of vȉsiti
stoga	stoga	1218	1888	so, therefore, for that/this reason, ergo
putovanje	putovanje	1219	1212	travel
broda	broda	1220	1320	ship
ozbiljan	ozbiljan	1221	1073	serious
let	let	1222	1181	flight
pratiti	pratiti	1223	1766	to follow
pažljivo	pažljivo	1224	971	carefully, cautiously
zvuk	zvuk	1225	1204	sound
star	star	1226	1254	old
dama	dama	1227	1147	lady
provesti	provesti	1229	1724	to lead, guide, take
tatu	tatu	1233	1203	dad, daddy
ratu	ratu	1234	1282	war
doručak	doručak	1235	1214	breakfast
tajnu	tajnu	1236	1186	secret
istu	istu	1237	1255	same
nekome	nekome	1238	1183	dative of nȅtko / nȅko
ugovor	ugovor	1239	1193	contract
narod	narod	1241	1092	people
troje	troje	1242	1240	three
stati	stati	1243	1713	to stop, halt
dole	dole	1244	356	down
zlo	zlo	1245	1294	bad
doviđenja	doviđenja	1246	1070	goodbye!
škola	škola	1247	1174	school
prošlosti	prošlosti	1248	1307	genitive/dative/vocative/locative/instrumental singular
iskren	iskren	1251	1248	sincere, honest
upomoć	upomoć	1252	1162	help!
nečega	nečega	1253	1246	genitive of nȅšto
gladan	gladan	1254	1135	hungry
proveo	proveo	1255	1298	to lead, guide, take
bivši	bivši	1256	1350	former
javiti	javiti	1257	1895	to inform, notify, let know
gospođa	gospođa	1258	1249	Mrs
živote	živote	1259	1291	life
vojska	vojska	1260	1380	army
udarac	udarac	1261	1247	hit, punch, knock, whack
pokret	pokret	1262	1210	move
posle	posle	1263	266	later
dođeš	dođeš	1264	964	to come, arrive
tad	tad	1265	1314	then, at that time
lik	lik	1266	1086	form, shape, figure, appearance
piti	piti	1267	1941	to drink
zabrinut	zabrinut	1268	1359	worried
baka	baka	1270	1309	grandmother, grandma
bob	bob	1272	1288	broad bean
totalno	totalno	1273	1220	totally, completely
nađi	nađi	1274	1242	to find, discover
razmišljam	razmišljam	1275	1091	first-person singular present of ràzmisliti
potrazi	potrazi	1277	1850	search
more	more	1278	1192	an anxiety-inducing concern, a hardship
novine	novine	1279	1156	newspaper
oba	oba	1280	1286	both
nalog	nalog	1281	1430	instruction, direction, orders
laži	laži	1284	1311	lie, untruth, falsity, fib
budućnosti	budućnosti	1285	1332	future
nosim	nosim	1286	1020	to carry, bring
zločin	zločin	1287	1348	crime
pete	pete	1288	1802	heel
pojesti	pojesti	1290	1868	to eat, consume
govor	govor	1291	1333	speech
čujete	čujete	1292	1213	to hear
pol	pol	1293	1139	half
nesreća	nesreća	1294	1423	accident
mami	mami	1295	1266	to lure, entice
pojavio	pojavio	1296	1245	to appear, emerge
dug	dug	1298	1228	debt
važan	važan	1299	1299	important
vrste	vrste	1300	1374	kind, sort
tačno	tačno	1301	337	exactly, correctly
vodim	vodim	1302	1045	to lead
odluku	odluku	1303	1301	decision
poslala	poslala	1304	1278	to send
kontakt	kontakt	1307	1305	contact
sumnje	sumnje	1308	1284	doubt, suspicion
zamisli	zamisli	1309	1231	to imagine
njime	njime	1310	1863	him
ubija	ubija	1311	1287	third-person singular present of ubijati
zauzet	zauzet	1312	1169	reserved, engaged
životinja	životinja	1314	1199	animal
iskoristiti	iskoristiti	1316	1908	to use, utilize, make use of
puna	puna	1317	1319	full, filled
gđica	gđica	1318	1540	Miss, Ms
područje	područje	1319	1976	area, region, territory
pijan	pijan	1320	1342	drunk, intoxicated
činjenica	činjenica	1323	1383	fact
kraljica	kraljica	1324	1304	queen
sudu	sudu	1326	1467	court
nosiš	nosiš	1327	1100	to carry, bring
izlaz	izlaz	1328	1356	exit
preuzeti	preuzeti	1329	1892	to take over, take on
obrada	obrada	1330	1197	processing
centar	centar	1331	1217	center / centre
vlasnik	vlasnik	1332	1386	owner
savršen	savršen	1333	1352	perfect, faultless
vođa	vođa	1336	1427	leader, guide
krivi	krivi	1337	1580	guilty, culpable
snagu	snagu	1338	1323	strength, power
bliže	bliže	1339	1357	near, close
situacija	situacija	1340	1300	situation
kreten	kreten	1341	1230	cretin
ruci	ruci	1342	1424	arm
vino	vino	1343	1206	wine
čekaju	čekaju	1345	1293	to wait, await
obožavam	obožavam	1346	1296	to adore, admire
svoga	svoga	1347	1946	one's own
odnos	odnos	1348	1479	relationship
meso	meso	1349	1233	meat
završila	završila	1350	1259	to end, end up, wind up
bolest	bolest	1351	1387	sickness, disease
dobije	dobije	1352	1167	to receive, get, obtain, acquire
išli	išli	1353	1334	to go, walk
čudovište	čudovište	1354	1451	monster
odgovornost	odgovornost	1357	1354	responsibility
pamet	pamet	1359	1223	prudence
petak	petak	1360	1399	Friday
laž	laž	1361	1376	lie, untruth, falsity, fib
poznato	poznato	1363	1397	to know, have knowledge of
muči	muči	1364	1466	to be silent
svuda	svuda	1365	788	everywhere
šansa	šansa	1366	1151	chance, opportunity
divan	divan	1367	1037	wonderful
okej	okej	1369	733	okay, all right, fine
jednoj	jednoj	1370	1322	one
love	love	1371	1541	hunt, hunting
rekoh	rekoh	1372	1029	to say
popodne	popodne	1373	1263	afternoon
postane	postane	1374	1196	to become, turn, get
strana	strana	1375	1306	side
ekipa	ekipa	1376	1723	team, crew
miris	miris	1377	1347	smell, odor
dužnost	dužnost	1378	1371	duty
pucao	pucao	1379	1634	to crack, break, burst, split
izvor	izvor	1380	1464	well, wellspring
mogućnost	mogućnost	1381	1456	possibility, potentiality
ej	ej	1382	937	Expresses annoyance or displeasure
daju	daju	1383	1265	third-person plural present of davati
mozga	mozga	1384	1431	brain
pali	pali	1385	1267	to kindle, light, set fire to
otprilike	otprilike	1386	1440	approximately, about
veće	veće	1387	1268	council
volimo	volimo	1388	1290	to love
dvaput	dvaput	1389	1585	twice
če	če	1390	1842	if
nosio	nosio	1391	1484	to carry, bring
lovu	lovu	1392	1560	hunt, hunting
bacio	bacio	1393	1417	to throw, cast
umoran	umoran	1394	1279	tired
govno	govno	1395	1437	when used in singular: turd Example: Posrao sam baš veliko…
mnoge	mnoge	1397	1338	many
spavanje	spavanje	1398	1195	sleep, repose
traje	traje	1399	1327	to last, continue
meta	meta	1401	1414	target
treći	treći	1403	1379	third
pala	pala	1404	1422	feminine singular active past participle
hitno	hitno	1405	1316	urgently
oprostiti	oprostiti	1406	1787	to forgive, pardon
reči	reči	1407	604	to say
potez	potez	1408	1559	stroke, move
večera	večera	1409	1339	supper, dinner
izgledati	izgledati	1412	1994	to seem, appear
noću	noću	1414	1207	at night, by night, in the night
rupu	rupu	1416	1444	pit, hole
gori	gori	1417	1355	worse, comparative degree of zȁo
tišina	tišina	1418	1154	silence
ček	ček	1419	1362	cheque
čudan	čudan	1421	1370	strange, weird, odd
kog	kog	1422	804	of whom
volite	volite	1423	1368	to love
kaži	kaži	1424	753	to say, to state
engleski	engleski	1425	1366	in an English manner, as an Englishman
kamera	kamera	1427	1501	video camera
vojnik	vojnik	1429	1462	soldier
položaj	položaj	1431	1622	position
čuje	čuje	1432	1158	to hear
suprug	suprug	1436	1957	husband, male spouse
vrat	vrat	1437	1452	neck
preveo	preveo	1439	1324	active past participle of prèvesti
ustani	ustani	1441	1360	to stand up, rise, get up
taksi	taksi	1443	1260	taxi
mrzi	mrzi	1445	1400	to hate
pametno	pametno	1446	1418	intelligently, prudently, reasonably, wisely
ujak	ujak	1448	1646	maternal uncle
počelo	počelo	1449	1410	principle, element
glupost	glupost	1450	1426	stupidity, foolishness, nonsense
motor	motor	1451	1275	engine, motor
zao	zao	1452	1261	evil, malicious, bad, mean, wicked
kamen	kamen	1453	1346	stone
licu	licu	1454	1425	face
noćas	noćas	1455	1318	tonight
borba	borba	1456	1463	fight
general	general	1457	1406	general
nadao	nadao	1458	1553	to hope
molimo	molimo	1459	1731	to ask, request, beg
dođu	dođu	1460	1377	to come, arrive
kosa	kosa	1465	1412	hair
takođe	takođe	1466	400	also, too
operacija	operacija	1467	1481	operation
šalim	šalim	1469	1396	to joke; to joke around
boji	boji	1472	1800	color, tint
ponosan	ponosan	1474	1413	proud
restoran	restoran	1475	1393	restaurant
zube	zube	1476	1429	tooth
krug	krug	1477	1392	circle
momka	momka	1478	956	a young man, lad
jutra	jutra	1479	1256	genitive singular
uradili	uradili	1480	712	to do, make
žalim	žalim	1482	1571	to mourn, grieve
grupa	grupa	1483	1173	group
zahvaljujući	zahvaljujući	1485	1367	thanks to
prokleto	prokleto	1486	1461	to curse
sunca	sunca	1487	1385	sun
stariji	stariji	1488	1404	comparative degree of stȁr
plaća	plaća	1490	1629	pay
napao	napao	1491	1639	to attack, assault
park	park	1493	1465	park
pošalji	pošalji	1494	1486	to send
poznat	poznat	1495	1478	well-known, known
jak	jak	1496	1277	strong
divna	divna	1497	1127	wonderful
član	član	1498	1469	member
ponašanje	ponašanje	1500	1511	behavior
ženama	ženama	1501	1407	woman
pravilo	pravilo	1502	1497	rule
snaga	snaga	1504	1470	strength, power
prodaje	prodaje	1505	1516	sale
pucaj	pucaj	1507	1477	to crack, break, burst, split
klijent	klijent	1508	1645	client
dozvoliti	dozvoliti	1509	972	to allow, permit, let
bomba	bomba	1511	1581	bomb
koriste	koriste	1512	1340	benefit, advantage, use
ostavili	ostavili	1513	1530	to leave
zgodan	zgodan	1514	1575	handsome, pretty, attractive
opasnost	opasnost	1515	1468	danger
jede	jede	1516	1218	to eat, consume
uključujući	uključujući	1517	1578	present verbal adverb of uključívati
blago	blago	1518	1409	mildly, gently
trik	trik	1519	1506	trick
sudbina	sudbina	1520	1411	fate, destiny
sladak	sladak	1521	1335	sweet
tokom	tokom	1524	695	during
kreće	kreće	1525	1502	to move
uzrok	uzrok	1526	1738	cause, reason
nijedan	nijedan	1527	1384	no one, none, nobody
gledali	gledali	1528	1495	to watch, look, see
nečemu	nečemu	1529	1558	dative of nȅšto
razlika	razlika	1531	1459	difference
kojih	kojih	1532	1483	masculine genitive plural
ponoviti	ponoviti	1533	1999	to repeat
država	država	1534	1508	country
informacija	informacija	1535	1499	information
igrao	igrao	1536	1441	to play
duga	duga	1537	1532	long
rođen	rođen	1539	1503	born
čist	čist	1541	1500	clean, pure
odgovoran	odgovoran	1542	1542	responsible
duše	duše	1543	1438	soul
dve	dve	1544	321	two
držao	držao	1545	1563	to hold, grasp
drvo	drvo	1546	1341	tree
boja	boja	1547	1533	color, tint
gubitak	gubitak	1548	1733	loss
ocem	ocem	1549	1448	father
milja	milja	1550	1510	mile
prodao	prodao	1551	1531	to sell
navodno	navodno	1552	1853	allegedly, reportedly
neprijatelj	neprijatelj	1554	1564	enemy
zla	zla	1556	1475	evil, malicious, bad, mean, wicked
pritisak	pritisak	1557	1308	pressure
odvratno	odvratno	1558	1403	repulsively, detestably, abhorrently
pogotovo	pogotovo	1559	1904	especially, particularly, in particular
verovatno	verovatno	1561	330	probably
poštovanje	poštovanje	1562	1476	respect, esteem
vozilo	vozilo	1563	1769	vehicle
deo	deo	1564	351	part
mame	mame	1565	1514	to lure, entice
kratko	kratko	1566	1434	shortly
istom	istom	1567	1482	same
vrhu	vrhu	1570	1586	peak
sistem	sistem	1571	848	system
povratak	povratak	1572	1781	return
tvrdi	tvrdi	1574	1730	hard, firm
vodio	vodio	1575	1597	to lead
kupila	kupila	1576	1439	to buy, purchase
šumi	šumi	1577	1524	forest, woods
ulica	ulica	1579	1647	street
ulogu	ulogu	1580	1509	role
hitnu	hitnu	1582	1742	urgent
rada	rada	1583	1504	indefinite masculine/neuter genitive singular
nada	nada	1585	1565	hope
teška	teška	1586	1554	heavy, weighty
neobično	neobično	1590	1679	unusually, strangely, oddly
crna	crna	1591	1602	feminine nominative/vocative singular of cȓn
trajati	trajati	1592	1786	to last, continue
prostor	prostor	1593	1577	space
visoko	visoko	1594	1526	highly, high
los	los	1595	1485	moose
opasan	opasan	1596	1487	dangerous
nađe	nađe	1597	1232	to find, discover
poseban	poseban	1598	1609	special
obzir	obzir	1600	1674	consideration, care, respect
duša	duša	1602	1496	soul
novom	novom	1603	1505	new
vatra	vatra	1604	1574	fire
nasamo	nasamo	1605	1551	in private, alone, face-to-face
konj	konj	1607	1550	horse
gledala	gledala	1609	1492	to watch, look, see
rak	rak	1610	1671	crab
tima	tima	1611	1518	team
pacijent	pacijent	1612	1717	patient
ubrzo	ubrzo	1613	1557	soon
dete	dete	1617	348	child, kid
fantastično	fantastično	1618	1491	fantastically
mač	mač	1620	1601	sword
uništio	uništio	1621	1678	to destroy, annihilate
odavno	odavno	1623	1257	a long time ago
odjebi	odjebi	1625	1606	second-person singular imperative of odjèbati: fuck off, go…
slobodu	slobodu	1626	1576	freedom
zadrži	zadrži	1629	1447	to keep, retain, withhold
fer	fer	1633	1283	fairly
pogodio	pogodio	1634	1751	to hit
dosad	dosad	1636	1979	until now, so far, thus far
poručnik	poručnik	1638	1801	lieutenant
američki	američki	1639	1701	in the American manner
iznutra	iznutra	1640	1700	from inside
nek	nek	1641	1289	let, may
nebo	nebo	1643	1537	sky
raj	raj	1644	1528	heaven, paradise
pravom	pravom	1645	1587	pure, true, genuine
pravim	pravim	1647	1180	pure, true, genuine
čujemo	čujemo	1648	1525	to hear
ukoliko	ukoliko	1650	1155	if
most	most	1651	1668	bridge
krenuli	krenuli	1653	1512	to move, set in motion
prst	prst	1655	1627	finger
suđenje	suđenje	1656	1812	trial
profesor	profesor	1657	1490	professor
heroj	heroj	1659	1351	hero
sredi	sredi	1662	1364	Wednesday
riba	riba	1663	1292	fish
leži	leži	1664	1573	to lie, recline
šalje	šalje	1665	1620	to send
ptica	ptica	1667	1549	bird
uređaj	uređaj	1668	1996	device, gadget, appliance
pića	pića	1669	1655	nominative/genitive/accusative/vocative plural of píće
šerif	šerif	1671	1803	sheriff
uši	uši	1672	1664	louse
životom	životom	1673	1592	life
lov	lov	1674	1677	hunt, hunting
loptu	loptu	1675	1544	ball
važna	važna	1676	1692	important
spasi	spasi	1677	1618	to save, salvage
drže	drže	1678	1640	to hold, grasp
gadno	gadno	1679	1706	ugly, disgusting, repulsive
vozač	vozač	1681	1711	driver
krivica	krivica	1682	1280	guilt, blame, fault
nimalo	nimalo	1684	1750	not at all, not a bit
čvrsto	čvrsto	1685	1705	firmly, tightly, steadily
nogama	nogama	1687	1652	leg
ulaz	ulaz	1688	1739	entrance
vodite	vodite	1689	1445	to lead
braća	braća	1692	1662	brethren, brothers
njenom	njenom	1693	1349	her, hers
selo	selo	1694	1453	village
haljinu	haljinu	1695	1598	dress
bebe	bebe	1696	1513	baby, infant
svemir	svemir	1697	1876	space, universe
drugačiji	drugačiji	1698	1442	different
čiji	čiji	1699	1651	whose
mrtvih	mrtvih	1700	1710	masculine/feminine/neuter genitive plural of mr̀tav
uopšte	uopšte	1701	416	generally, in general
teže	teže	1703	1726	comparative degree of tȇško
igraš	igraš	1705	1064	to play
udar	udar	1706	1746	stroke, hit
roditeljima	roditeljima	1707	1637	parent
kurva	kurva	1709	1555	whore, prostitute
krivim	krivim	1710	1721	guilty, culpable
rane	rane	1711	1827	early
momče	momče	1712	1372	a young man, lad
iskustvo	iskustvo	1713	1626	experience
pare	pare	1714	743	money
videla	videla	1715	373	to see
izađe	izađe	1720	1408	to go out, leave, come out, get out
napolje	napolje	1721	541	outside
pitali	pitali	1722	1765	to ask
lisa	lisa	1723	1716	blaze
rezultat	rezultat	1725	1591	result
srećom	srećom	1726	1714	fortunately
baru	baru	1727	1681	dative/locative singular of bȃr
rizik	rizik	1729	1749	risk
misija	misija	1730	1712	mission
upali	upali	1732	1596	inflammation, pneumonia
jelo	jelo	1735	1623	to eat, consume
nađeš	nađeš	1736	1205	to find, discover
poslom	poslom	1737	1635	job
primio	primio	1738	1793	to receive, get
kiša	kiša	1739	1489	rain
poslove	poslove	1741	1650	job
nade	nade	1742	1689	hope
duha	duha	1743	1641	smell, stench, odor
ovakav	ovakav	1744	1567	like this, this kind of
šešir	šešir	1748	1688	hat
novim	novim	1749	1660	new
otkako	otkako	1750	1780	since, ever since
nervozan	nervozan	1751	1617	nervous
svašta	svašta	1752	1615	all sorts of things; everything
čitav	čitav	1754	1608	whole, entire, all
jeo	jeo	1755	1612	to eat, consume
rupa	rupa	1756	1743	pit, hole
sinu	sinu	1759	1728	shadow; shade
kombi	kombi	1760	1794	station wagon
zgrada	zgrada	1761	1790	building
gospodar	gospodar	1763	1614	master, lord
imalo	imalo	1764	1825	to have, possess, own
pitate	pitate	1765	1665	to ask
kreveta	kreveta	1766	1654	bed
ljuti	ljuti	1767	1792	angry
mlad	mlad	1769	1543	young
pukovnik	pukovnik	1770	1805	colonel
autobus	autobus	1771	1636	bus
druže	druže	1772	679	to associate, socialize with
posto	posto	1773	1855	percent
iznenada	iznenada	1775	1455	suddenly, unexpectedly
većinu	većinu	1778	1963	majority, most
tati	tati	1779	1725	dad, daddy
ponudio	ponudio	1782	1885	to offer, to put forward
izraz	izraz	1784	1782	expression
dokazi	dokazi	1785	1989	proof, evidence
svetu	svetu	1786	479	holy, saint
zahvalan	zahvalan	1787	1752	grateful, thankful
tužno	tužno	1788	1691	sadly
vojske	vojske	1789	1943	army
slučajnost	slučajnost	1790	1860	coincidence
zovete	zovete	1791	1670	to call, to be called
kažemo	kažemo	1792	1271	to say, to state
smisao	smisao	1794	1840	sense, meaning
besplatno	besplatno	1795	1980	free of charge
ptice	ptice	1796	1625	bird
činjenice	činjenice	1798	1836	fact
papir	papir	1800	1709	paper
polje	polje	1801	1788	field
miran	miran	1802	1631	motionless
kupi	kupi	1803	1373	cup, goblet
malom	malom	1805	1697	small
in	in	1806	1901	other
ušla	ušla	1808	1735	to enter, go into, come in
ušli	ušli	1809	1798	to enter, go into, come in
moru	moru	1810	1718	an anxiety-inducing concern, a hardship
sok	sok	1811	1785	juice
karijeru	karijeru	1812	1829	career
izgled	izgled	1813	1881	appearance, outlook, look
uđe	uđe	1814	1515	to enter, go into, come in
paket	paket	1816	1926	packet
dnevnik	dnevnik	1817	1961	diary
prednost	prednost	1818	1837	advantage
linija	linija	1819	1799	line
jače	jače	1820	1736	comparative degree of jȃko
stoje	stoje	1821	1683	third-person plural present of stàjati
veče	veče	1822	571	evening
led	led	1823	1656	ice
poljubac	poljubac	1824	1610	a kiss
čas	čas	1825	1251	moment
sveti	sveti	1827	1737	holy, saint
planeta	planeta	1828	1797	planet
stoj	stoj	1829	1562	second-person singular imperative of stàjati
stanice	stanice	1831	1624	station
mira	mira	1832	1764	peace
oblik	oblik	1833	1864	shape, form, figure
seksa	seksa	1835	1877	genitive singular of sȅks
udala	udala	1842	1685	to marry off
tate	tate	1844	1936	dad, daddy
dvadeset	dvadeset	1845	1548	twenty
videti	videti	1846	453	to see
nose	nose	1847	1658	to carry, bring
dobrodošao	dobrodošao	1849	1732	welcome
kutija	kutija	1853	1823	box, chest
otrov	otrov	1854	1897	poison
predstavu	predstavu	1855	1433	show
objašnjenje	objašnjenje	1856	1838	explanation
čuva	čuva	1857	1761	to guard, protect
teorija	teorija	1858	1960	theory
istoj	istoj	1859	1891	same
rukom	rukom	1860	1784	arm
želja	želja	1861	1682	wish, desire
pratio	pratio	1862	1630	to follow
sramota	sramota	1864	1405	shame, disgrace
palo	palo	1866	1708	neuter singular active past participle of pȁsti
konje	konje	1867	1871	horse
istraživanje	istraživanje	1869	1935	research
otvoren	otvoren	1871	1933	open, opened, uncovered
ribe	ribe	1873	1521	fish
sladoled	sladoled	1875	1741	ice cream
svet	svet	1876	455	holy, saint
nosila	nosila	1877	1807	to carry, bring
normalan	normalan	1878	1676	normal
profesore	profesore	1879	1522	professor
uzima	uzima	1881	1813	to take
virus	virus	1882	1929	computer virus
rana	rana	1883	1983	wound
nikakav	nikakav	1884	1657	any, no
mačka	mačka	1885	1846	cat
sveta	sveta	1887	647	holy, saint
droga	droga	1888	1930	drug
čekali	čekali	1889	1862	to wait, await
direktor	direktor	1891	1599	director
zovemo	zovemo	1892	1672	to call, to be called
čin	čin	1896	1903	action, act, deed
rupe	rupe	1898	1902	pit, hole
nesreću	nesreću	1902	1978	accident
viski	viski	1904	1757	whiskey/whisky
leti	leti	1906	1538	summers, in summer, during the summer
kontrole	kontrole	1910	1954	control
stanica	stanica	1911	1687	station
spremno	spremno	1913	1783	readily
grudi	grudi	1914	1472	thorax, chest, breast, bosom
bas	bas	1915	1369	bass
kopile	kopile	1916	1420	bastard
članak	članak	1918	1939	article
danima	danima	1919	1844	for days and days
mlade	mlade	1921	1795	young
pojeo	pojeo	1923	1847	to eat, consume
budan	budan	1924	1974	awake
gladna	gladna	1925	1693	hungry
makar	makar	1927	1488	at least
pogodak	pogodak	1931	1987	goal, hit
jedinica	jedinica	1936	1796	one
sposoban	sposoban	1938	1985	capable, fit for, able
staro	staro	1939	1820	old
desi	desi	1942	766	to happen, occur
kaput	kaput	1943	1896	coat
devojka	devojka	1944	441	girl, maiden
nevin	nevin	1945	1882	innocent
visok	visok	1947	1878	high, tall
jedem	jedem	1949	1390	to eat, consume
princ	princ	1950	1748	prince
korist	korist	1951	1965	benefit, advantage, use
crvena	crvena	1952	1949	red
starom	starom	1953	1948	old
jedinice	jedinice	1954	1867	one
lopov	lopov	1955	1828	thief, crook
najgori	najgori	1956	1909	evil, malicious, bad, mean, wicked
knjizi	knjizi	1960	1886	book
staru	staru	1961	1951	old
požar	požar	1962	1995	fire
crno	crno	1963	1915	black
plati	plati	1965	1450	to pay
diži	diži	1966	1919	to lift, raise, elevate
vrh	vrh	1968	1834	on top of
para	para	1970	999	steam
krila	krila	1971	1756	wing
trener	trener	1975	1890	coach
gomila	gomila	1976	1473	tumulus, barrow, burial mound or cairn
malim	malim	1977	1814	small
kluba	kluba	1978	1991	club
utakmicu	utakmicu	1981	1815	sports game
stil	stil	1982	1760	style
minut	minut	1985	826	minute
noga	noga	1986	1993	leg
oluja	oluja	1988	1887	storm
stav	stav	1992	1772	posture, stance, position
zadovoljan	zadovoljan	1993	1852	content, satisfied
ponuda	ponuda	1994	1984	offer
vodom	vodom	1995	1843	water
nagrada	nagrada	1997	1849	prize
stopala	stopala	1998	1791	foot
epizoda	epizoda	1999	1858	episode
model	model	2000	1753	model
