rank	word	english	ipa
1	die	the	/di/
2	nie	not	/ni/
3	ek	I	/æk/
4	is	am, are, is	/əs/
5	het	to have	/ɦɛt/
6	jy	you	/jəi/
7	n	N	/ˈɛn/
8	dit	referring to the context	/dət/
9	my	me	/məi/
10	en	and	/ɛn/
11	ons	we	/ɔns/
12	wat	what	/vat/
13	jou	you	/jœu̯/
14	van	of	/fan/
15	in	in; inside; within	/ən/
16	te	indicating excess: too	/tə/
17	hy	he	/ɦəi/
18	vir	for	/fər/
19	sy	she	/səi/
20	maar	only; solely; just	/mɑːr/
21	gaan	to go	/ˈχɑːn/
22	sal	shall, will	/sal/
23	kan	can	/kan/
24	dis	contraction of dit + is	/dəs/
25	so	so, like that/this, thus	/sʊə̯/
26	u	you	/y/
27	met	with	/mɛt/
28	dat	that	/dat/
29	hulle	they; them	/ˈɦœ.lə/
30	as	if	/as/
31	was	To be	/ˈvɐs/
32	ja	yes	/jaː/
33	kom	come	/kɔm/
34	moet	must	/mut/
35	nou	now	/nœu/
36	hier	here	/ɦir/
37	daar	there	/dɑːr/
38	op	on	/ˈɔp/
39	wil	to want	/vəl/
40	hom	him	/hɔm/
41	weet	to know	/vɪət/
42	haar	her	/ɦɑːr/
43	aan	on	/ɑːn/
44	wees	To be	/viəs/
45	net	only, just	/ˈnɛt/
46	nee	no	/niəː/
47	doen	to do	/dun/
48	nog	still	/nɔχ/
49	goed	good	/χut/
50	dan	then	/ˈdɐn/
51	hoe	how	/ɦu/
52	ook	also, too, as well	/ʊə̯k/
53	word	to become; to get	/vɔrt/
54	s	S	/ˈɛs/
55	sien	to see	/sin/
56	julle	you	/ˈjœ.lə/
57	laat	to cause to, to make; forms a causative phrase	/lɑːt/
58	by	at	/bəi/
59	al	already	/al/
60	sê	to say	/sɛː/
61	se	follows a noun to indicate that this noun possesses that…	/sə/
62	baie	very, much	/ˈbɑjə/
63	hierdie	this; these	/ˈɦiɾi/
64	soos	like; such as	/sʊəs/
65	maak	to make	/mɑːk/
66	dink	to think	/dəŋk/
67	of	or	/ɔf/
68	toe	then; at that time; at that moment	/ˈtu/
69	waar	where	/vɑːr/
70	oor	over, above	/ʊə̯r/
71	alles	everything	/ˈal(ə)s/
72	een	one	/ɪə̯n/
73	niks	nothing	/nəks/
74	uit	out; outside	/œi̯t/
75	hou	to hold	/ɦœu/
76	bly	to live	/bləi/
77	iets	something	/its/
78	wie	who, whom	/vi/
79	meer	more	/ˈmiər/
80	sou	shall, will	/sœu̯/
81	kry	to get, receive, obtain	/krəi/
82	kyk	to look	/ˈkɛɪk/
83	goeie	good	/ˈxuɪə/
84	man	husband	/man/
85	dankie	thanks	/ˈdaŋki/
86	deur	through	/dɪør/
87	tog	still, notwithstanding, yet, surely	/tɔχ/
88	praat	to talk, to speak	/prɑːt/
89	gee	to give	/χɪə/
90	dag	to think	/daχ/
91	vertel	to tell	/fərˈtæl/
92	geen	no, not a, not an, not any	/χɪə̯n/
93	werk	work	/ʋɛːrk/
94	hê	to have	/ɦɛː/
95	weg	away	/vɛχ/
96	nooit	never	/noːit/
97	wel	the opposite of not	/ˈvæl/
98	almal	all; everyone	/al.mal/
99	reg	right; correct	/rɛχ ~ ræχ/
100	kon	can	/kɔn/
101	mense	person, human being	/ˈmẽnsə/
102	lewe	life	/ˈlɪəvə/
103	wag	guard	/vaχ/
104	altyd	always	/ˈal.təi̯t/
105	wou	to want	/ˈvəʊ/
106	dood	dead	/dʊət/
107	sit	to sit; to be in a sitting position	/sət/
108	ma	mom, mother	/ˈmɑː/
109	daardie	that; those	/ˈdɑːrdi/
110	moenie	contraction of moet + nie, literally “mustn’t; shouldn’t”	/ˈmuni/
111	o	O	/ˈʊə/
112	gesê	to say	/xəˈseː/
113	bietjie	a little; a bit; fairly	/biki/
114	ander	another, another person, someone else	/ˈanər/
115	saam	with, together	/sɑːm/
116	mooi	beautiful, pretty	/ˈmoːi̯ ~ muə̯j/
117	help	to help	/ˈɦɛlp/
118	mag	may, might	/maχ/
119	vra	ask	/frɑː/
120	lyk	dead body; corpse	/ləik/
121	voor	before	/fʊə̯r/
122	tyd	time	/tœi̯t/
123	asseblief	please; used to make a polite request	/ˌasəˈblif/
124	vrou	woman	/frœu̯/
125	ken	chin	/kɛn/
126	tot	until	/tɔt/
127	iemand	someone; somebody; anyone	/ˈi.mant/
128	groot	great; big; large	/χrʊət/
129	seker	probably, likely	/ˈsiə̯kər/
130	twee	two	/tvɪə̯/
131	want	for, because	/vant/
132	eers	first, at first	/iə̯rs/
133	kind	child	/kənt/
134	jammer	sorry	/ˈja.mər/
135	miskien	maybe	/məsˈkin/
136	hoor	To hear	/ɦʊə̯r/
137	beter	good	/ˈbɪətər/
138	gedoen	to do	/xəˈdun/
139	meneer	sir, mister; gentleman	/məˈniər/
140	anders	differently	/ˈɐndərs/
141	jaar	A year	/jɑːr/
142	gesien	to see	/xəˈsin/
143	verstaan	to hear correctly	/fərˈstɑːn/
144	los	to leave, abandon	/ˈlɔs/
145	pa	dad, father	/ˈpɑː/
146	probeer	to try	/pruˈbiər/
147	vader	father	/ˈfɑːdər/
148	huis	A house, residence	/ɦœis/
149	elke	every	/ˈælkə/
150	natuurlik	naturally	/naˈtyr.lək/
151	omdat	because	/ɔmˈdat/
152	moes	must	/mus/
153	lank	long	/ˈlɐŋk/
154	môre	tomorrow	/ˈmɔː.rə/
155	gelukkig	happy	/χəˈlœ.kəχ/
156	glo	to believe	/χlʊə/
157	gou	quick, quickly	/ˈxəʊ/
158	eerste	first	/ˈɪərstə/
159	mens	one	/mɛns/
160	kinders	child	/ˈkə.nərs/
161	naam	name	/nɑːm/
162	lief	nice, sweet	/ˈlif/
163	speel	to play	/spɪə̯l/
164	seun	son	/syœn/
165	genoeg	enough	/xəˈnux/
166	niemand	nobody; no one	/ˈnimɐnt/
167	staan	to stand	/stɑːn/
168	gedink	to think	/xəˈdəŋk/
169	sonder	without	/ˈsɔn.dər/
170	vergeet	to forget	/fərˈχɪə̯t/
171	voel	feel	/ˈful/
172	slaap	sleep	/ˈslɑːp/
173	luister	to listen	/ˈlœistər/
174	liefde	love	/ˈlif.də/
175	heer	gentleman	/ˈhiər/
176	klein	small, little	/kləi̯n/
177	vandag	today	/fənˈdaχ/
178	nuwe	new	/ˈnyvə/
179	soek	to search, seek	/ˈsuk/
180	geld	money	/χɛlt/
181	teen	against	/tɪən/
182	graag	gladly, eagerly	/χrɑːχ/
183	hoekom	why, how come	/ˈɦu.kɔm/
184	t	T	/ˈtiə/
185	onder	under	/ˈɔnər/
186	bring	to bring; to deliver	/brəŋ/
187	ag	esteem	/aχ/
188	eet	to eat	/ɪət/
189	onthou	to remember, to keep in mind	/ɔntˈɦœu̯/
190	ou	old, aged	/œʊ̯/
191	gehad	to have	/χəˈɦat/
192	vind	to find	/fənt/
193	plek	a spot	/plɛk/
194	land	country; nation	/lant/
195	moeder	mother	/ˈmudər/
196	wanneer	when	/ˈvɐniər/
197	dae	a day	/ˈdɑː(ə)/
198	gekom	come	/xəˈkɔm/
199	geweet	to know	/xəˈviət/
200	skryf	To write	[skrəi̯f]
201	gekry	to get, receive, obtain	/xəˈkrɛɪ/
202	lees	to read	/lɪəs/
203	drink	to drink	/ˈdrəŋk/
204	gebruik	use; usage	/χəˈbrœi̯k/
205	lekker	good, nice, fun in a more generic sense	/ˈlækər/
206	eie	own	/ˈəi̯.ə/
207	nag	The period between sunset and sunrise, when the sky is…	/naχ/
208	kamer	A room, a chamber	/ˈkɑː.mər/
209	totsiens	Goodbye, farewell	/tɔt͡siːns/
210	leer	To learn	/lɪər/
211	geluk	luck, good luck	/χəˈlœk/
212	watter	what; which	/ˈva.tər/
213	vriend	friend	/ˈvrint/
214	verloor	to lose	/fərˈlʊər/
215	paar	pair	[pɑːɾ]
216	laaste	last	/ˈlɑːstə/
217	bang	afraid	/baŋ/
218	raak	to become	/rɑːk/
219	pas	pace, step	[pɑs]
220	hart	heart	/ˈhɐrt/
221	alle	all; every	/ˈɐlə/
222	gehoor	To hear	/xəˈhʊər/
223	dalk	perchance, perhaps, possibly	/dalk/
224	sing	to sing	/səŋ/
225	wêreld	world	/ˈvɛːrəlt/
226	gemaak	to make	/xəˈmɑːk/
227	hoop	heap	/ɦʊə̯p/
228	meisie	girl	/ˈməi.si/
229	oë	eye	/uə̯/
230	vriende	friend	/ˈfrində/
231	vat	to take	/fat/
232	veel	much, a lot	/fɪəl/
233	kop	head	/kɔp/
234	leef	to live	/lɪə̯f/
235	dinge	thing	/ˈdəŋə/
236	geword	to become; to get	/ˈxəvɔrt/
237	loop	to walk	/lʊəp/
238	dogter	daughter	/ˈdɔχ.tər/
239	oop	open	/ʊə̯p/
240	oupa	grandfather	/ˈəʊpɐ/
241	betaal	pay	/bəˈtɑːl/
242	trou	to marry	/ˈtrəʊ/
243	here	gentleman	/ˈɦiə̯rə/
244	lê	to lie	/lɛː/
245	dokter	medical doctor, physician	/ˈdɔk.tər/
246	wys	to show	/ˈvɛɪs/
247	ver	far, distant	/fɛr ~ fær/
248	besoek	to visit	/bəˈsuk/
249	familie	family	/fɐˈmili/
250	drie	three	/dri/
251	behoort	to belong	/bəˈɦʊərt/
252	maklik	easily	/ˈmɐklək/
253	siek	ill, sick, unwell	/sik/
254	liewer	rather	/ˈlivər/
255	gevra	ask	/xəˈfrɑː/
256	agter	behind	/ˈɐxtər/
257	sleg	bad	/slɛχ ~ slæχ/
258	jong	young	/jɔŋ/
259	geskryf	To write	/xəsˈkrɛɪf/
260	hand	A hand	/ɦant/
261	klaar	ready, prepared	/klɑːr/
262	hande	A hand	/ˈhɐndə/
263	kos	food	/kɔs/
264	pad	path; way; street	[pɑt]
265	uur	hour	/yr/
266	vroue	woman	/ˈfrəʊə/
267	noem	to call, to name	/ˈnum/
268	brief	letter	/brif/
269	suster	sister	/sœstər/
270	oorlog	war	/ˈʊər.lɔχ/
271	trek	to haul	/træk/
272	tussen	between	/ˈtœ.sən/
273	skuld	guilt, fault	/skœlt/
274	mos	as you already know	/mos/
275	verby	over, past, gone by	/fərˈbəi̯/
276	gevind	to find	/xəˈfənt/
277	haai	A shark	/ɦɑːi/
278	baas	boss	/bɑːs/
279	dra	to carry	/ˈdrɑː/
280	regte	justice	/ˈræxtə/
281	myne	mine	/ˈməinə/
282	a	A	/ˈɑː/
283	aarde	Earth	/ˈɑːr.də/
284	lag	to laugh	/ɫɐχ/
285	koning	king	/ˈkʊə.nəŋ/
286	enigste	only one	/ˈiənəxstə/
287	water	any artificial fluid similar to water	/ˈvɑːtər/
288	sterf	to die	/stɛrf/
289	luitenant	lieutenant	/ˌlœi̯təˈnɐnt/
290	graaf	earl, count	/ˈxrɑːf/
291	vanaand	tonight, this evening	/fəˈnɑːnt/
292	broer	brother	/ˈbruːr/
293	binne	in, inside	/ˈbənə/
294	woord	word	/vʊərt/
295	eintlik	actually, really, properly	/ˈɛɪntlək/
296	besluit	to decide	/bəˈsløyt/
297	gaaf	whole, complete	/ˈxɑːf/
298	stem	vote	/stɛm/
299	oomblik	moment, blink of an eye	/ˈʊəmblək/
300	keiser	emperor	/ˈkəi̯.sər/
301	koffie	coffee	/ˈkɔ.fi/
302	idee	idea	/iˈdiə/
303	gegee	to give	/xəˈxiə/
304	musiek	music	/mœˈsik/
305	volg	to follow	/fɔlχ/
306	lig	light; not heavy	/ləχ/
307	gesig	face	/χəˈsəχ/
308	gepraat	to talk, to speak	/xəˈprɑːt/
309	val	to fall	/fal/
310	sorg	care; worry; concern	/sɔrχ/
311	buite	outside	/ˈbœi̯.tə/
312	eer	honour	/ˈiər/
313	moontlik	possible	/ˈmuə̯ntlək/
314	bed	bed	/bɛt/
315	vertrou	to trust, confide, depend	/fərˈtrəʊ/
316	besig	busy	/ˈbɪə.səχ/
317	antwoord	answer	/ˈɐnt.vuə̯rt/
318	probleem	problem	/pruˈbliəm/
319	aanvaar	to accept	/ɑːnˈfɑːr/
320	hoeveel	how much, how many	/huːfeːl/
321	welkom	welcome	/ˈvælkɔm/
322	skool	school	/skʊə̯l/
323	presies	exactly, just, right	/prəˈsis/
324	rus	to rest	/rœs/
325	vuur	fire, flame	/fyr/
326	mans	husband	/ˈmɐns/
327	meisies	girl	/ˈmɛɪsis/
328	weke	week	/ˈviəkə/
329	naby	near	/ˈnɑːbɛɪ/
330	koop	To buy	/kʊə̯p/
331	snaaks	funny, comical	/snɑːks/
332	week	week	/ˈviək/
333	waarheid	truth	/ˈvɑːrhɛɪt/
334	gegaan	to go	/χəˈχɑːn/
335	mevrou	madam, lady	/məˈfrəʊ/
336	sommer	just, no more than	/ˈsɔ.mər/
337	wonderlik	amazing, wonderful, great	/ˈvɔn.dər.lək/
338	dame	lady	/ˈdɑːmə/
339	vol	full	/fɔl/
340	skilder	painter	/ˈskəldər/
341	beweeg	to move, to be in motion, to stir	/bəˈvɪə̯χ/
342	ding	thing	/ˈdəŋ/
343	sodat	so that	/ˈsʊədɐt/
344	vertrek	to leave, to depart	/fərˈtrɛk/
345	tante	aunt	/ˈtɑ̃ntə/
346	dans	dance	/ˈdɑ̃ns/
347	ouers	parent, father or mother	[ˈœʊ̯ərs]
348	haat	hatred	/ɦɑːt/
349	bestaan	to exist	/bəsˈtɑːn/
350	swaar	heavy	/swɑːr/
351	huil	to cry; to weep	/ˈhøyl/
352	manier	manner, way, mode	/məˈniːr/
353	hul	alternative form of hulle; their	/ɦœl/
354	slegte	bad	/ˈslæxtə/
355	oom	uncle	/oəm/
356	hemel	sky	/ˈɦiə̯məl/
357	film	film	/fəlm/
358	mee	with	/mɪə̯/
359	moeg	tired	/muχ/
360	tel	to count	[tɛ̞ːl]
361	sterk	strong	/ˈstærk/
362	bo	above	/bʊə/
363	woorde	word	/ˈvʊərdə/
364	kwaad	angry	/ˈkwɑːt/
365	ongelukkig	unfortunate, unlucky	/ˌɔn.χəˈlœ.kəχ/
366	veg	to fight	/ˈfæx/
367	versigtig	careful	/ˌfərˈsəχ.təχ/
368	draai	to turn	/drɑːi/
369	minute	minute	/məˈnytə/
370	warm	warm	/ˈvɐrəm/
371	klink	handle	/kləŋk/
372	dikwels	often	/ˈdəkvəls/
373	waarvan	of which	/ˈvɑːrfɐn/
374	asof	as if	/ˈɐsɔf/
375	storie	story	/ˈstʊəri/
376	gewerk	to work	/xəˈværk/
377	ouma	grandmother	/ˈəʊmɐ/
378	darem	certainly, indeed, really, at least	/ˈdɑː.rəm/
379	prinses	princess	/prənˈsɛs/
380	vas	firm, tight	/fas/
381	amper	almost	/ˈam.pər/
382	kort	short	/kɔrt/
383	oud	old, aged	/œʊ̯t/
384	ry	row	/rəi/
385	onmoontlik	impossible	/ɔnˈmʊəntlək/
386	wonder	miracle, wonder	/ˈvɔnər/
387	baba	baby	/ˈbɑːbɐ/
388	lug	air	/lœχ/
389	stad	city	/stat/
390	joune	yours; thine	/ˈjœu̯nə/
391	maande	A month	/ˈmɑːndə/
392	vier	four	/fir/
393	vergewe	to forgive	/fərˈχɪə̯.və/
394	ontvang	to receive	/ɔntˈfaŋ/
395	jare	A year	/ˈjɑː.rə/
396	franse	French	/ˈfrɑ̃nsə/
397	huwelik	marriage, matrimony	[hyvalak]
398	gevoel	feel	/χəˈful/
399	generaal	general, general officer	/xənəˈrɑːl/
400	reis	journey, trip, voyage	[rə̟i̯s]
401	vry	free, unconstrained	/ˈfrɛɪ/
402	wyn	wine	/vəi̯n/
403	russe	Russian	/ˈrœsə/
404	majoor	major	/maˈjʊə̯r/
405	besef	to realise, to notice	/bəˈsɛf/
406	byna	almost	/ˈbəi̯.na/
407	gewees	To be	/xəˈviəs/
408	droom	dream	/ˈdrʊəm/
409	vinnig	quick, fast	/ˈfənəχ/
410	blomme	flower	/ˈblɔmə/
411	doodmaak	to kill	/ˈdʊətmɑːk/
412	bos	wood, forest	/bɔs/
413	klomp	Wooden shoe, clog	/ˈklɔmp/
414	breek	to break	/brɪə̯k/
415	pragtig	beautiful, gorgeous, magnificent	/ˈpraχ.təχ/
416	sekerlik	surely, certainly	/ˈsɪə̯.kər.lək/
417	nuus	news	/nys/
418	ryk	rich, wealthy	/ˈrɛɪk/
419	sweer	to swear	/ˈswiər/
420	gevaar	danger, peril	/χəˈfɑːr/
421	maand	A month	/mɑːnt/
422	erken	to acknowledge, to recognise	/ɛrˈkɛn/
423	roep	to call, to summon	/rup/
424	oral	everywhere	/ˈʊərɐl/
425	rok	A dress	/rɔk/
426	kaptein	captain, both in the land and naval senses of the rank	/kɐpˈtɛɪn/
427	duitse	German	/ˈdøytsə/
428	pyn	pain	/pəin/
429	kolonel	colonel	/ˌkʊə̯.lʊə̯ˈnɛl/
430	einde	end	/ˈəi̯n.də/
431	rooi	red	/roːi̯ ~ ruə̯i̯/
432	plesier	pleasure	/pləˈsiːr/
433	mis	to miss	/məs/
434	hare	hers	/ˈhɑːrə/
435	slaan	hit, slap, beat, strike	/slɑːn/
436	gebou	to build	/χəˈbœu̯/
437	herken	to recognise	/hærˈkɛn/
438	kies	cheek	/ˈkis/
439	plaas	farm; a piece of land, usually used for farming	/plɑːs/
440	tuis	home, at home	/tœi̯s/
441	dié	this; these; that; those	/di/
442	hoof	head	/ɦʊə̯f/
443	sedert	since	/ˈsiədərt/
444	orde	order	/ˈɔrdə/
445	langs	along, alongside	/laŋs/
446	aand	evening	[ɑːnt]
447	gesondheid	health, healthiness	/χəˈsɔntˌɦəi̯t/
448	venster	window	/ˈfɛnstər/
449	glimlag	smile	/χləmlaχ/
450	daarna	thereafter, after that	/ˈdɑːrnɑː/
451	gesond	healthy	/χəˈsɔnt/
452	spel	game, play	/spɛl/
453	vrede	peace; tranquility	/ˈfrɪə̯.də/
454	hond	dog	/ɦɔnt/
455	verdwyn	to disappear	/fərˈdwɛin/
456	stilte	silence	/ˈstəl.tə/
457	bloed	blood	/blut/
458	soort	sort, kind	/ˈsʊərt/
459	elkeen	everyone; everybody	/ˈælkiən/
460	skoon	clean; cleansed	/skʊə̯n/
461	gooi	to throw	/ˈxɔɪ/
462	voordat	before	/ˈfʊərdɐt/
463	aangaan	to concern; to be a concern to; to be someone’s business	/ˈɑːn.χɑːn/
464	gister	yesterday; the previous day	/ˈχəs.tər/
465	belangrik	important	/bəˈlaŋ.rək/
466	skiet	shoot	/skit/
467	teken	sign; signal	/ˈtiə̯kən/
468	tafel	table	/ˈtɑːfəl/
469	lei	to lead	[lə̟i̯]
470	see	sea	/sɪə/
471	bier	beer	/bir/
472	belowe	to promise	/bəˈlʊə̯.və/
473	rond	round	/rɔnt/
474	staat	state	/stɑːt/
475	boeke	book	/ˈbu.kə/
476	veilig	safe	/ˈfɛɪləx/
477	boek	book	/buk/
478	toekoms	future	/ˈtukɔms/
479	soen	kiss	/sun/
480	vyf	five	/fəif/
481	muur	wall	[myr]
482	meester	A master	/ˈmɪə̯stər/
483	tronk	prison	/trɔŋk/
484	soms	sometimes	/sɔms/
485	elk	everyone; everybody	/ˈælk/
486	gelees	to read	/xəˈliəs/
487	mal	crazy	/ˈmɐl/
488	hertog	duke	/ˈɦɛr.tɔχ/
489	engelse	English	/ˈɛŋəlsə/
490	gaste	guest	/ˈxɐstə/
491	vraag	question	/frɑːχ/
492	melk	milk	/mɛlk/
493	druk	to press, print	/drœk/
494	koningin	queen	/kʊənəˈŋən/
495	gewoonlik	usually, normally	/χəˈvʊə̯n.lək/
496	vrees	fear, apprehension	/frɪəs/
497	volk	people	/fɔlk/
498	hallo	hello	/ɦaləu/
499	grond	ground, dirt, soil	/ˈχrɔnt/
500	verlede	past	/fərˈliədə/
501	perd	horse	/pæːrt/
502	vryheid	freedom	/ˈfrɛɪhɛɪt/
503	ure	hour	/ˈy.rə/
504	vlieg	fly	/fliχ/
505	hiernatoe	to here	/ˌɦir.naˈtu/
506	wen	to win	/vɛn/
507	menere	sir, mister; gentleman	/məˈniərə/
508	liggaam	body	/ˈləχɑːm/
509	kans	chance	/kans/
510	ses	six	/ˈses/
511	i	I	/ˈi/
512	koud	cold	/kœu̯t/
513	arm	poor	/ˈɑr(ə)m/
514	doodgaan	to die	/ˈdʊətxɑːn/
515	aanval	An act of aggression; assault, attack	/ˈɑːnfɐl/
516	veral	especially, above all	/fərˈal/
517	vergeef	alternative form of vergewe	/fərˈχɪə̯f/
518	donker	dark	/ˈdɔŋ.kər/
519	jonk	young	/jɔŋk/
520	spesiale	special	/spɛʃiˈɑːlə/
521	probleme	problem	/pruˈbliəmə/
522	swak	weak	/ˈswɐk/
523	vrae	question	/ˈfrɑː.ə/
524	bou	to build	/bœu̯/
525	ly	to suffer	[lə̟i̯]
526	geveg	fight, battle, engagement	/χəfaχ/
527	woonstel	An apartment	/ˈvʊə̯n.stɛl/
528	party	some, a few	/pɐrˈtɛɪ/
529	vlug	flight, escape	/ˈflœx/
530	onderwyser	teacher	/ˌɔnərˈvɛɪsər/
531	vinniger	quick, fast	/ˈfənəxər/
532	asem	breath	/ˈɑːsəm/
533	honger	hunger	/ˈɦɔ.ŋər/
534	sand	sand	/sant/
535	spreek	to speak	/spriə̯k/
536	polisie	police	/ˌpʊə̯ˈli.si/
537	prys	price	/ˈprɛɪs/
538	dorp	town	/dɔrp/
539	voorbeeld	example	/ˈfʊə̯r.bɪə̯lt/
540	juis	exactly, precisely	/jœi̯s/
541	skip	ship	/skəp/
542	verskoning	a pardon; forgiveness	/fərsˈkʊənəŋ/
543	hang	to hang	/ɦaŋ/
544	verrassing	surprise	/fərˈrɐsəŋ/
545	teenoor	opposite	/ˈtɪə̯nʊə̯r/
546	waarheen	whither, where to	/ˈvɑːrhiən/
547	tuin	A garden, yard	/tœi̯n/
548	saamgaan	accompany; come along	/ˈsɑːmˌxɑːn/
549	gebreek	to break	/xəˈbriək/
550	stuk	A piece, part	/stœk/
551	trein	train	/trəin/
552	eenvoudig	simple, plain	/ˌɪə̯nˈfœu̯.dəχ/
553	situasie	situation	/ˌsətʃuˈɑːsi/
554	bal	A ball	/bal/
555	eendag	once, one day	/ˈiəndɐx/
556	mond	mouth	[mɔnt]
557	hoed	hat	/ɦut/
558	rol	role	/rɔl/
559	boodskap	message	/ˈbʊətskɐp/
560	nader	near, nearby	/ˈnɑːdər/
561	vreemd	strange; odd	/frɪəmt/
562	skielik	suddenly	/ˈskilək/
563	grootste	great; big; large	/ˈxrʊətstə/
564	wit	white	/vət/
565	wind	to wind	/vənt/
566	opdrag	An order, an instruction	/ˈɔp.draχ/
567	klim	to climb	/ˈkləm/
568	sluit	to close	/slœit/
569	leër	empty	/liə̯r/
570	swart	black	/swɑrt/
571	uitvind	find out	/ˈøytˌfənt/
572	brand	destructive, catastrophic fire	/brant/
573	siel	soul	/ˈsil/
574	weggaan	to go away, to leave	/ˈvɛ.χɑːn/
575	nommer	number	/ˈnɔ.mər/
576	fees	party; social gathering	/ˈfiəs/
577	persoon	person	/pərˈsʊən/
578	kasteel	castle	/kɐsˈtiəl/
579	vroeër	early	/ˈfruːər/
580	tee	tea	/tɪə̯/
581	gryp	to grab	/ˈxrɛɪp/
582	krag	strength	/kraχ/
583	waarskynlik	probably	/vɑːrsˈkɛɪnlək/
584	vroeg	early	/ˈfrux/
585	begrawe	to bury	/bəˈxrɑːvə/
586	ruik	to smell	/ˈrøyk/
587	hardloop	run	/ˈhɐrtlʊəp/
588	adres	address, direction	/aˈdrɛs/
589	groter	great; big; large	/ˈxrʊətər/
590	geskiedenis	history	/χəˈski.də.nəs/
591	seuns	son	/ˈsøəns/
592	geslaap	To sleep	/xəˈslɑːp/
593	hospitaal	hospital	/ˈɦɔs.piˌtɑːl/
594	hoog	high	/ɦʊə̯χ/
595	diep	deep, down low	/dip/
596	graf	grave	/χraf/
597	jag	hunt, pursuit	/jɑχ/
598	arms	arm	/ˈɐrəms/
599	bid	to pray	/bət/
600	gesit	to sit; to be in a sitting position	/xəˈsət/
601	oortuig	to persuade; to convince	/ʊərˈtøyx/
602	russiese	Russian	/ˈrœsisə/
603	duur	expensive	/dyr/
604	kontak	contact	/kɔnˈtak/
605	twyfel	doubt	/ˈtvəi̯.fəl/
606	foto	photo; photograph	/ˈfʊə̯.tʊə̯/
607	voer	to feed; to give food	/fuːr/
608	ware	To be	/ˈvɑːrə/
609	bied	to offer	[bit]
610	admiraal	admiral	/ɐtmiˈrɑːl/
611	diens	service	/dins/
612	name	name	/ˈnɑːmə/
613	materiaal	material	/mɐtiəriˈɑːl/
614	perfek	perfect	/pərˈfɛk/
615	rug	back	/rœχ/
616	verwyder	to remove	/fərˈvəi̯.ər/
617	gebly	to live	/xəˈblɛɪ/
618	helder	clear, bright	/ˈɦɛl.dər/
619	m	M	/ˈɛm/
620	vorm	A form, a shape	/fɔrm/
621	sin	meaning, sense	/sən/
622	straat	street, road	/strɑːt/
623	haastig	hasty, rash	/ˈɦɑːs.təx/
624	soldate	soldier	/sɔlˈdɑːtə/
625	mark	market	/mark/
626	kar	cart	/kar/
627	miljoen	million	/məlˈjun/
628	blou	blue	/blœu̯/
629	gang	a passageway, alley	/χaŋ/
630	ring	ring, hollow circular object	/rəŋ/
631	derde	third	/ˈdæːrdə/
632	weermag	armed forces	/ˈviərmɐx/
633	skande	disgrace, shame	/ˈskɐndə/
634	lewer	liver	/ˈlɪə̯vər/
635	nooi	to invite	/noːi̯/
636	skei	to separate	/ˈskɛɪ/
637	gas	guest	/ˈxɐs/
638	skilderye	painting	/skəldəˈrɛɪə/
639	moord	murder	/mʊə̯rt/
640	leier	leader	/ˈləi̯.ər/
641	diere	animal	/ˈdiːrə/
642	gevaarlik	dangerous	/χəˈfɑːr.lək/
643	siekte	sickness, illness, disease	/ˈsiktə/
644	bome	tree	/ˈbʊə.mə/
645	rook	smoke	/rʊə̯k/
646	oorleef	to survive	/ʊərˈliəf/
647	geboorte	birth	/χəˈbʊə̯r.tə/
648	rot	rat	/ˈrɔt/
649	regs	On the right	/rɛχs/
650	deesdae	Nowadays, these days	/ˈdiəsdɑː/
651	beskou	to consider, to regard	/bəˈskœu̯/
652	ewig	eternal, everlasting	/ˈɪəvəx/
653	yster	iron	/ˈəistər/
654	geskenk	past participle of skenk	/χəˈskɛŋk/
655	ontploffing	explosion	/ˌɔntˈplɔ.fəŋ/
656	klere	clothes, clothing	/ˈkliərə/
657	les	lesson	/lɛs/
658	gehelp	to help	/xəˈhælp/
659	dogters	daughter	/ˈdɔxtərs/
660	swem	to swim	/ˈswɛm/
661	briewe	letter	/ˈbrivə/
662	gewen	to win	/xəˈvɛn/
663	vaar	to sail	/ˈfɑːr/
664	horlosie	watch	/ɦɔrˈlʊə̯si/
665	gisteraand	last night; yesterday evening	/χəstərˈɑːnt/
666	steur	to be bothered	/ˈstøər/
667	mees	tit, chickadee	/ˈmiəs/
668	vyand	An enemy, a host, a foe	/ˈfəi̯.ant/
669	vloot	fleet	/flʊə̯t/
670	bekend	known	/bəˈkɛnt/
671	bom	bomb, explosive	/bɔm/
672	swede	Swede	/ˈswiədə/
673	gedra	to carry	/xəˈdrɑː/
674	seisoen	season, time of year	/səi̯ˈsun/
675	weens	on account of, because of, due to	/ˈviəns/
676	volle	full	/ˈfɔ.lə/
677	sersant	sergeant	/sərˈsɐnt/
678	kuier	to walk leisurely, to gallivant	/ˈkœi̯.ər/
679	soldaat	soldier	/sɔlˈdɑːt/
680	tree	step	/trɪə̯/
681	lied	song, anthem	/ˈlit/
682	pous	pope	/ˈpəʊs/
683	middel	means	/ˈmədəl/
684	koerant	newspaper	/kuˈrant/
685	laai	to load	/lɑːi̯/
686	koue	cold	/ˈkəʊə/
687	vars	fresh	/fars/
688	verklaar	to explain, to declare	/fərˈklɑːr/
689	kantoor	office	/kɐnˈtʊər/
690	somer	summer	/ˈsʊəmər/
691	reël	rule	/ˈriəl/
692	verhouding	proportion	/fərˈɦœu̯.dəŋ/
693	skat	treasure	/skat/
694	solank	as long as	/sʊəˈlɐŋk/
695	eerlik	honest	/ˈiərlək/
696	wet	law	/vɛt/
697	glas	glass	/χlas/
698	reguit	straight, straight on	/ˈræxøyt/
699	noudat	now that	/ˈnœu̯.dat/
700	kuns	art	/ˈkœns/
701	duits	German	/dœi̯ts/
702	verras	to surprise	/fəˈras/
703	voete	foot	/ˈfutə/
704	skaars	barely, hardly	/skɑːrs/
705	groet	greet	/χrut/
706	vuil	dirty, not clean	/ˈføyl/
707	stryd	struggle	/ˈstrɛɪt/
708	kombuis	kitchen	/kɔmˈbœi̯s/
709	la	la	[lɑː]
710	berge	mountain	/ˈbærɡə/
711	tweede	second	/ˈtwiədə/
712	skree	to shout, to scream	/ˈskriə/
713	lys	list, record	/ləis/
714	minuut	minute	/məˈnyt/
715	nes	like; just like	/nɛs/
716	middag	An afternoon	/ˈmə.daχ/
717	d	D	/ˈdiə/
718	let	synonym of Letlander	/ˈlɛt/
719	sommige	some	/ˈsɔməxə/
720	foon	A telephone, a phone	/fʊə̯n/
721	brood	A loaf of bread	/brʊə̯t/
722	hertogin	a duchess	/hærtɔˈxən/
723	respek	respect	/rəˈspɛk/
724	aankom	arrive	/ˈɑːŋkɔm/
725	bus	bus	/ˈbœs/
726	pole	Pole	/ˈpʊə.lə/
727	piramide	pyramid	/pirɐˈmidə/
728	natuur	nature	/naˈtyr/
729	veiligheid	safety, security	/ˈfəi̯.ləχˌɦəi̯t/
730	studeer	to study	/styˈdiər/
731	lieg	to lie	/liχ/
732	skuldig	guilty	/ˈskœl.dəχ/
733	gees	mind, spirit	/χɪə̯s/
734	oog	eye	/oəχ/
735	neus	nose	/nɪøs/
736	skoene	shoe	/ˈskunə/
737	winter	winter	/ˈvən.tər/
738	lente	spring, the season between winter and summer	/ˈlɛntə/
739	werkers	worker	/ˈværkərs/
740	oefen	to train, instruct	/ˈu.fən/
741	vloek	curse, oath	/ˈfluk/
742	gewoond	used, accustomed	/xəˈvʊənt/
743	varke	pig	/ˈfɐrkə/
744	tye	time	/ˈtɛɪə/
745	voet	foot	/ˈfut/
746	open	to open	/ˈʊə̯.pən/
747	gekoop	To buy	/xəˈkʊəp/
748	kaart	map	/kɑːrt/
749	gat	hole; perforation	/χat/
750	aap	A monkey, ape	/ɑːp/
751	huur	rent	/ɦyr/
752	groep	group	/χrup/
753	rotte	rat	/ˈrɔtə/
754	vis	fish	/fəs/
755	kêrel	fellow, lad, chap	/ˈkæːrəl/
756	maat	mate, buddy	/mɑːt/
757	tien	ten	/tin/
758	onnosel	foolishly	/ɔnˈnʊəsəl/
759	goeiedag	good day	/xuːjə dɑx/
760	teater	theatre	/tɪə̯ˈɑː.tər/
761	skep	to create, make	/ˈskɛp/
762	offisier	officer	/ɔfəˈsiːr/
763	skade	damage	/skɑːdə/
764	hongaarse	Hungarian	/hɔŋˈxɑːrsə/
765	seuntjie	son	/ˈseøn.ki/
766	honde	dog	/ˈhɔndə/
767	taal	language	/tɑːl/
768	perde	horse	/ˈpæːrdə/
769	stukkie	A piece, part	/ˈstœki/
770	slegs	only	/ˈslæxs/
771	grens	border, frontier	/χrɛns/
772	viool	a violin	/fiˈʊə̯l/
773	besigheid	business	/ˈbiəsəxˌhɛɪt/
774	bene	leg of a human or humanoid	/ˈbiənə/
775	koor	choir, vocal ensemble	/ˈkʊər/
776	geliefde	beloved	/xəˈlifdə/
777	ingaan	go in; enter	/ˈənxɑːn/
778	nek	neck	/ˈnæk/
779	herinner	to remind	/ɦɛrˈə.nər/
780	tydens	during	/ˈtɛɪdəns/
781	sag	soft	/saχ/
782	loopbaan	career	/ˈlʊəpbɑːn/
783	groei	growth	/ˈxruɪ/
784	pla	to tease	/plɑː/
785	bediende	servant, low-ranking employee	/bəˈdin.də/
786	dak	roof	/dak/
787	gewag	to wait	/xəˈvɐx/
788	vloer	A floor	/flur/
789	had	to have	/ˈhɐt/
790	sekondes	second	/səˈkɔndəs/
791	persoonlik	personally	/pərˈsʊə̯n.lək/
792	vermaak	entertainment, amusement	/fərˈmɑːk/
793	geleef	to live	/xəˈliəf/
794	kruis	X-shape	/ˈkrœɪ̯s/
795	nêrens	nowhere	/ˈnɛːrəns/
796	rose	rose	/ˈrʊəsə/
797	frans	French	/ˈfrɑ̃ns/
798	slagoffer	victim	/ˈslaχˌɔ.fər/
799	susters	sister	/ˈsœstərs/
800	voëls	A bird	/ˈfuːəls/
801	wapen	weapon, arms	/ˈvɑːpən/
802	regering	government	/rəˈχɪə̯.rəŋ/
803	artikel	article	/ɐrˈtikəl/
804	huise	A house, residence	/ˈhœi.sə/
805	jas	coat	/jas/
806	stasie	station	/ˈstɑːsi/
807	sleutel	key	/ˈslɪø.təl/
808	kerk	church	/kɛrk/
809	reën	rain	/riə̯n/
810	nè	right? isn't it?	/nɛ/
811	verslag	report	/fərˈslɐx/
812	pret	fun	/ˈprɛt/
813	ouens	an old fellow, guy, bloke	/ˈəʊəns/
814	telefoon	telephone	/ˌtɪə̯.ləˈfʊə̯n/
815	kelder	cellar, basement	/ˈkɛl.dər/
816	uitgaan	go out; exit	/ˈøytˌxɑːn/
817	lof	praise	/lɔf/
818	rekenaar	computer	/ˈrɪə̯.kə.nɑːr/
819	vaarwel	good-bye, farewell	/fɑːrˈvæl/
820	gedrink	to drink	/xəˈdrəŋk/
821	waarin	wherein	/ˈvɑːrən/
822	engels	English	/ˈɛ̃ˑŋəls/
823	berg	mountain	/ˈbærx/
824	waardeer	to appreciate, to value	/vɑːrˈdɪe̯r/
825	spring	to leap, jump	/ˈsprəŋ/
826	verwoes	to destroy; to devastate	/fərˈvus/
827	lessenaar	desk	/ˈlɛsəˌnɑːr/
828	kunstenaar	artist	/ˈkœnstəˌnɑːr/
829	dors	thirst	/ˈdɔrs/
830	kamers	A room, a chamber	/ˈkɑːmərs/
831	vriendin	female friend	/vrinˈdən/
832	vriendskap	friendship	/ˈfrintskɐp/
833	dog	alternative form of dag	/dɔχ/
834	vrot	rotten	/frɔt/
835	poolse	Polish	/ˈpʊəlsə/
836	byt	to bite	/bɛit/
837	sterre	star	/ˈstærə/
838	di	obsolete spelling of die	/ˈdi/
839	steel	to steal	/stiə̯l/
840	aanvalle	An act of aggression; assault, attack	/ˈɑːnfɐlə/
841	kruip	to creep	/krœi̯p/
842	been	leg of a human or humanoid	/ˈbiən/
843	brug	bridge, a structure used to cross a gap or a body of water	/brœχ/
844	sewe	seven	/ˈsɪəvə/
845	beskryf	to describe, depict	/bəsˈkrɛɪf/
846	mensdom	humanity, mankind	/ˈmɛns.dɔm/
847	blind	blind	/blənt/
848	hoër	high	/ˈhuːər/
849	hoek	corner	/ˈhuk/
850	geskiet	shoot	/xəsˈkit/
851	soontoe	there, thither, thereto	/ˈsʊə̯n.tu/
852	verjaardag	birthday	/fərˈjɑːrˌdaχ/
853	waarnatoe	to where, whither, whereto	/vɑːr.naˈtu/
854	boot	boat	/bʊət/
855	papier	paper	/paˈpiːr/
856	misdaad	crime	/ˈməs.dɑːt/
857	silwer	made out of silver	/ˈsəl.vər/
858	bank	bench, couch	/baŋk/
859	september	September	/səpˈtɛmbər/
860	wa	wagon	/vɑː/
861	vakansie	holiday, vacation	/faˈkan.si/
862	universiteit	university	/ynivɛrsiˈtəi̯t/
863	lae	low	/ˈlɑː.ə/
864	engel	angel	/ˈɛŋəl/
865	sekere	some, certain	/ˈsɪəkərə/
866	sonde	sin	/ˈsɔndə/
867	dokters	medical doctor, physician	/ˈdɔktərs/
868	belofte	promise	/bəˈlɔf.tə/
869	gesin	family	/xəˈsən/
870	geloop	to walk	/xəˈlʊəp/
871	den	pine	/dɛn/
872	minstens	at least	/ˈmənstəns/
873	niggie	niece	[ˈnəχi]
874	toon	toe	/ˈtʊən/
875	vaderland	fatherland	/ˈfɑːdərˌlɐnt/
876	gratis	free, without charge	/ˈχrɑːtəs/
877	stof	material, substance	/stɔf/
878	kat	cat	/kat/
879	politiek	politics	/pɔləˈtik/
880	vleis	meat	/fləis/
881	laas	last; last time	/ˈlɑːs/
882	ore	ear	[uə̯ɾə]
883	ontbyt	breakfast	/ɔntˈbəi̯t/
884	eiers	egg	/ˈɛiərs/
885	bekostig	to finance, to pay for	/bəˈkɔs.təχ/
886	tande	tooth	/ˈtɐndə/
887	nuut	new	/nyt/
888	vyande	An enemy, a host, a foe	/ˈfɛɪɐndə/
889	gesprek	talk, conversation	/χəˈsprɛk/
890	dogtertjie	daughter	/ˈdɔχ.tər.ki/
891	blom	flower	/blɔm/
892	beskawing	civilisation	/bəˈskɑː.vəŋ/
893	goeiemôre	good morning	/ˈxuɪəˌmɔːrə/
894	platteland	countryside	/ˌpla.təˈlant/
895	hoë	high	/ˈhuːə/
896	makliker	easy	/ˈmɐkləkər/
897	gelê	to lie	/xəˈleː/
898	skuldige	guilty	/ˈskœl.də.χə/
899	elders	elsewhere, somewhere else	/ˈældərs/
900	groen	green	/χrun/
901	persoonlike	personally	/pərˈsʊənləkə/
902	oranje	orange	/oˈrɑɲə/
903	baklei	to quarrel, to argue, to fight	/bəˈkləi̯/
904	rof	rough, crude, uneven	/rɔf/
905	regeer	to rule, to govern	/rəˈxiər/
906	rivier	river	/rəˈfiːr/
907	agt	eight	/aχt/
908	verskil	difference	/fərsˈkəl/
909	oggend	morning	/ˈɔχənt/
910	roer	A rifle, a gun	/ˈruːr/
911	titel	title	/ˈtitəl/
912	forseer	to force, to coerce	/fɔrˈsɪə̯r/
913	leeg	empty	/lɪəχ/
914	paleis	palace	/pɐˈlɛɪs/
915	duitsers	German	/ˈdøytsərs/
916	beroof	to rob, to steal from	/bəˈrʊə̯f/
917	wolwe	wolf	/ˈvɔlvə/
918	getuie	witness	/xəˈtøyə/
919	gekyk	to look	/xəˈkɛɪk/
920	skrywer	writer	/ˈskrəi̯.vər/
921	bruid	bride	/ˈbrøyt/
922	weduwee	widow, surviving wife, dowager	/ˈviə̯dyˌviə̯/
923	skepe	ship	/ˈskiəpə/
924	duisend	thousand	/ˈdœi̯.sənt/
925	dapper	brave, courageous	/ˈdɐpər/
926	daad	deed; act	/ˈdɑːt/
927	risiko	risk	/ˈri.si.kʊə̯/
928	streke	prank, trick	/ˈstriəkə/
929	fabriek	factory	/faˈbrik/
930	jaag	chase, pursue	/ˈjɑːx/
931	nege	nine	/ˈnɪəχə/
932	drankie	beverage, drink	/ˈdrɐŋki/
933	personeel	staff	/pærsuˈniəl/
934	kroon	A crown	/krʊə̯n/
935	kaal	naked	/kɑːl/
936	drome	dream	/ˈdrʊəmə/
937	haas	hare, rabbit	/ˈhɑːs/
938	gelieg	to lie	/xəˈlix/
939	jul	alternative form of julle; your	/ˈjœl/
940	lande	country; nation	/ˈlɐndə/
941	oktober	October	/ɔkˈtʊəbər/
942	vertaling	translation	/fərˈtɑːləŋ/
943	sneeu	snow	/sniu̯/
944	donderdag	Thursday	/ˈdɔnərˌdɐx/
945	neef	nephew	/ˈniəf/
946	eienaar	owner	/ˈɛɪəˌnɑːr/
947	doodgemaak	to kill	/ˈdʊətxəˌmɑːk/
948	kamera	camera	/ˈka.mə.ra/
949	portret	portrait	/pɔrˈtrɛt/
950	dokumente	document	/ˌdɔkyˈmɛntə/
951	wolf	wolf	/ˈvɔlf/
952	koninkryk	kingdom	/ˈkʊə̯nəŋˌkrəi̯k/
953	eed	oath	/ˈiət/
954	kontrak	contract	/kɔnˈtrak/
955	plekke	a spot	/ˈplækə/
956	knieë	knee	/ˈkniːə/
957	hoogste	high	/ˈɦʊəχstə/
958	wysheid	wisdom	/ˈvəi̯s.ɦəi̯t/
959	gesing	to sing	/xəˈsəŋ/
960	veld	A field, open country	/ˈfælt/
961	makeer	to be amiss, to be wrong	/maˈkeːr/
962	teiken	aim; target; goal	/ˈtəi̯kən/
963	skaak	chess	/ˈskɑːk/
964	boer	A Boer; an Afrikaner, especially an inhabitant or…	/buːr/
965	vergelyk	to compare	/fərxəˈlɛɪk/
966	geheue	memory	/χəˈɦɪø.ə/
967	skildery	painting	/ˌskəl.dəˈrəi̯/
968	snags	at night	/snaχs/
969	spook	ghost, phantom	/spʊə̯k/
970	ligte	light; not heavy	/ˈləxtə/
971	samelewing	society	/ˈsɑː.məˌlɪə̯.vəŋ/
972	namens	on behalf of	/ˈnɑːməns/
973	olie	oil	/ˈʊə̯.li/
974	letters	letter	/ˈlɛtərs/
975	jonger	young	/ˈjɔŋər/
976	stene	stone	/ˈstiənə/
977	motor	car, automobile	/ˈmʊə̯.tər/
978	wilde	wild	/ˈvəldə/
979	bad	bath	[bɑt]
980	kleremaker	tailor	/ˈkliərəˌmɑːkər/
981	byvoorbeeld	for example, for instance	/bəiˈfʊərˌbɪəlt/
982	ouer	old, aged	[ˈœʊ̯ər]
983	amerikaanse	American	/ɐˌmiəriˈkɑ̃nsə/
984	kleur	color; colour	/klɪør/
985	iewers	somewhere	/ˈi.vərs/
986	wors	sausage	/vɔrs/
987	radio	radio	/ˈrɑː.di.ʊə̯/
988	kas	A cupboard	/kas/
989	geantwoord	to answer	/xəˈɐntvʊərt/
990	bokant	above	/ˈbʊəkɐnt/
991	optree	to act	/ˈɔpˌtriə/
992	toesig	supervision, oversight	/ˈtu.səχ/
993	navorsing	research	/ˈnɑːfɔrsəŋ/
994	hoer	whore	/ˈhur/
995	swaard	sword	/ˈswɑːrt/
996	pastoor	parish priest	/pɐsˈtʊər/
997	fiets	bicycle, bike	/fits/
998	dier	animal	/dir/
999	rob	seal	[rɔp]
1000	woordeboek	dictionary	/ˈvuə̯rdəˌbuk/
1001	afstand	distance	/ˈaf.stant/
1002	aangekom	arrive	/ˈɑːnxəˌkɔm/
1003	egter	however	/ˈæxtər/
1004	oudste	old, aged	[ˈœʊ̯tstə]
1005	lid	member	[lət]
1006	paaie	path; way; street	/ˈpɑɪə/
1007	stam	tribe	/stam/
1008	eiland	island	/ˈəi̯.lant/
1009	beskerming	protection	/bəsˈkærməŋ/
1010	kêrels	fellow, lad, chap	/ˈkæːrəls/
1011	gedagtes	thought, idea	/xəˈdɐxtəs/
1012	buig	to bow; to bend	/bœi̯χ/
1013	gevlug	to save oneself, seek refuge	/xəˈflœx/
1014	dophou	to keep an eye on, to watch	/ˈdɔp.ɦœu̯/
1015	boom	tree	/bʊə̯m/
1016	stink	to stink	/ˈstəŋk/
1017	leeu	lion	/ˈliuː/
1018	sel	cell	/sɛl/
1019	gedagte	thought, idea	/χəˈdɑχ.tə/
1020	vliegtuig	aeroplane, aircraft	/ˈfliχ.tœi̯χ/
1021	daarheen	thither, to there	/ˈdɑːrhiən/
1022	das	badger	/ˈdɐs/
1023	trap	stairs, staircase	/trap/
1024	masker	mask	/ˈmɐskər/
1025	wond	wound, injury	[vɔnt]
1026	sop	soup	/ˈsɔp/
1027	klank	sound	/klaŋk/
1028	sondag	Sunday	/ˈsɔn.daχ/
1029	asemhaal	to breathe	/ˈɑːsəmˌhɑːl/
1030	beskeie	modest, humble	/bəˈskəi̯.ə/
1031	kus	coast, shoreline, seashore	/kœs/
1032	atmosfeer	atmosphere	/ɐtmɔsˈfiər/
1033	miljoene	million	/məlˈjunə/
1034	maatskappy	company, partnership	/ˌmɑːtskɐˈpɛɪ/
1035	gesels	to chat, to talk	/χəˈsɛls/
1036	effek	effect	/iˈfɛk/
1037	vingers	finger	/ˈfəŋərs/
1038	boere	A Boer; an Afrikaner, especially an inhabitant or…	/ˈbuːrə/
1039	gedig	poem	/χəˈdəχ/
1040	pappie	dad, father	[pɑpʰi]
1041	broers	brother	/ˈbruːrs/
1042	bek	beak	/bɛk/
1043	kaas	cheese	/kɑːs/
1044	klok	clock	/klɔk/
1045	vliegveld	airfield	/ˈfliːχ.fɛlt/
1046	omgewing	environment, surroundings	/ˌɔmˈχɪə̯.vəŋ/
1047	saterdag	Saturday	/ˈsɑːtərˌdɐx/
1048	digter	poet	/ˈdəχtər/
1049	nasionale	national	/nɐʃiuˈnɑːlə/
1050	blaas	bladder	/ˈblɑːs/
1051	stront	shit, dung	/strɔnt/
1052	goud	gold	[χœu̯t]
1053	trappe	stairs, staircase	/ˈtrɐpə/
1054	stede	city	/ˈstiədə/
1055	beveg	to fight	/bəˈfæx/
1056	pers	purple	/pɛːrs/
1057	mei	May	/ˈmɛɪ/
1058	skape	sheep	/ˈskɑːpə/
1059	sosialisme	socialism	/ˌsʊəʃiɐˈləsmə/
1060	trane	tear, teardrop	/ˈtrɑːnə/
1061	ape	A monkey, ape	/ˈɑː.pə/
1062	vlermuis	bat	/ˈflærmøys/
1063	dik	thick, bulky	/ˈdək/
1064	tweeling	twin	/ˈtwiələŋ/
1065	nuuskierig	curious, inquisitive	/nysˈkirəx/
1066	skelm	scoundrel, rogue	/skɛlm/
1067	vriendelik	friendly	/ˈfrindələk/
1068	pynlik	painful	/ˈpəi̯n.lək/
1069	beer	bear	/bɪər/
1070	verbeter	to improve	/fərˈbiətər/
1071	dinsdag	Tuesday	/ˈdənsdɐx/
1072	bok	goat	/bɔk/
1073	mes	knife	/mɛs/
1074	lêer	binder, file	/lɛːr/
1075	vel	A skin, a hide	/fɛl/
1076	orkes	orchestra	/ɔrˈkɛs/
1077	duisternis	darkness	/ˈdœi̯s.tərˌnəs/
1078	rigting	direction	/ˈrəxtəŋ/
1079	eggenoot	husband, male spouse	/ˈɛχəˌnuə̯t/
1080	tragedie	tragedy	/trɐˈxiədi/
1081	bedrog	deception, fraud, deceit	/bəˈdrɔx/
1082	middernag	midnight	/ˈmədərˌnɐx/
1083	uitgevind	find out	/ˈøytxəˌfənt/
1084	aanbid	to worship	/ɑːnˈbət/
1085	enkel	single	/ˈɛŋ.kəl/
1086	bottel	bottle	/ˈbɔ.təl/
1087	oseaan	ocean	/ʊə̯.sɪə̯ˈɑːn/
1088	kroeg	pub	/kruχ/
1089	piramides	pyramid	/pirɐˈmidəs/
1090	missie	mission	/ˈmisi/
1091	eenheid	unity	/ˈiənhɛɪt/
1092	vlak	flat, level, even	/flak/
1093	konsert	concert	/kɔnˈsært/
1094	maag	stomach	/ˈmɑːx/
1095	lippe	lip	/ˈləpə/
1096	baard	beard	/ˈbɑːrd/
1097	inderdaad	indeed	/əndərˈdɑːt/
1098	leë	empty	/ˈliə/
1099	tans	now	/ˈtɐns/
1100	aandete	supper, dinner, evening meal	/ˈɑːntˌɪə̯.tə/
1101	persone	person	/pərˈsʊənə/
1102	fontein	fountain	/fɔnˈtɛɪn/
1103	gesigte	face	/xəˈsəxtə/
1104	begrafnis	funeral	/bəˈxrɐfnəs/
1105	studente	student	/styˈdɛntə/
1106	sout	salt	/sœu̯t/
1107	daagliks	daily	/ˈdɑːχləks/
1108	hoërskool	secondary school	/ˈhuːərsˌkʊəl/
1109	nuutste	new	/ˈnytstə/
1110	broek	A pair of trousers, pair of pants	/bruk/
1111	lyf	body, corpse	/ləif/
1112	raai	to guess	/rɑːi/
1113	tou	A rope	/tœu̯/
1114	sussie	sister	/ˈsœsi/
1115	planeet	planet, major satellite of a star	/plɐˈniət/
1116	partytjie	party	/parˈtəɪ̯.ki/
1117	advies	advice	/atˈfis/
1118	sus	sister	/sœs/
1119	vannag	tonight, the next night	/fəˈnaχ/
1120	spoke	ghost, phantom	/ˈspʊəkə/
1121	karakter	character	/kaˈrak.tər/
1122	skare	crowd	/ˈskɑː.rə/
1123	werke	work	/ˈværkə/
1124	oorbly	to remain, to be left	/ˈʊə̯r.bləi̯/
1125	kombers	A blanket	/kɔmˈbɛːrs/
1126	geplaas	to place; to put something down	/xəˈplɑːs/
1127	produk	product	/prʊə̯ˈdœk/
1128	eeue	century	/ˈiuːə/
1129	priester	priest	/ˈpristər/
1130	aanbod	offer, proposition	/ˈɑːnbɔt/
1131	afwesigheid	absence	/a(f)ˈvɪə̯.səx.ɦəi̯t/
1132	klip	stone	/ˈkləp/
1133	verpleegster	nurse	/fərˈpliəxstər/
1134	naweek	weekend	/ˈnɑː.vɪə̯k/
1135	selde	seldom; rarely	/ˈsɛl.də/
1136	hout	wood	[ɦœu̯t]
1137	besoeker	A visitor	/bəˈsu.kər/
1138	maan	moon	/mɑːn/
1139	rekord	record	/ˈrɛkɔrt/
1140	laag	low	/lɑːχ/
1141	saal	hall, large room	/sɑːl/
1142	dryf	To float	/ˈdrɛɪf/
1143	stoel	chair	/stul/
1144	publiseer	to publish	/ˌpy.bliˈsɪə̯r/
1145	aangeval	An act of aggression; assault, attack	/ˈɑːnxəˌfɐl/
1146	heilig	holy	/ˈɦəi̯.ləχ/
1147	kwessie	question, matter, issue	/ˈkvɛ.si/
1148	park	park	/ˈpɐrk/
1149	biblioteek	library	/bəbliːʊəˈtiək/
1150	hemp	shirt	/ɦɛmp/
1151	verslaan	to defeat	/fərˈslɑːn/
1152	beseer	to hurt, to injure, to wound	/bəˈsiər/
1153	lam	lamb	/lam/
1154	saad	seed	/ˈsɑːt/
1155	liefhê	to love	/ˈlifheː/
1156	spesiaal	special	/spɛʃiˈɑːl/
1157	ganse	goose	/ˈxɐnsə/
1158	dief	A thief	/ˈdif/
1159	musikant	musician	/ˌmysiˈkɐnt/
1160	pop	doll	/ˈpɔp/
1161	offisiere	officer	/ɔfəˈsiːrə/
1162	besoekers	A visitor	/bəˈsukərs/
1163	reuk	smell	/riøk/
1164	sleutels	key	/ˈsløətəls/
1165	maatskappye	company, partnership	/ˌmɑːtskɐˈpɛɪə/
1166	bediendes	servant, low-ranking employee	/bəˈdindəs/
1167	vreemdeling	stranger	/ˈfrɪə̯m.dəˌləŋ/
1168	koek	cake	/kuk/
1169	lughawe	airport	/ˈlœxhɑːvə/
1170	rugsak	A backpack, a rucksack	/ˈrœχ.sak/
1171	standbeeld	statue	/ˈstant.bɪə̯lt/
1172	partye	party	/pɐrˈtɛɪə/
1173	emmer	bucket	/ˈɛmər/
1174	gewere	rifle, gun	/xəˈviərə/
1175	steen	stone	/stɪə̯n/
1176	bladsy	page	/ˈblat.səi̯/
1177	spek	bacon	/ˈspæk/
1178	vroutjie	woman	/ˈfrəʊci/
1179	skild	shield	/ˈskəlt/
1180	uitstel	to delay, to postpone	/ˈœi̯t.stɛl/
1181	oos	east	/ˈʊəs/
1182	gate	hole; perforation	/ˈxɑːtə/
1183	tydelik	temporary	/ˈtɛɪdələk/
1184	stukkend	broken	/ˈstœkənt/
1185	korrek	correct, right	/kɔˈrɛk/
1186	vabond	vagabond, vagrant, tramp	/ˈfɑːbɔnt/
1187	bokke	goat	/ˈbɔkə/
1188	twaalf	twelve	/ˈtwɑːlf/
1189	bors	chest	/bɔ(ː)rs/
1190	gegroet	greet	/χəˈχrut/
1191	hongaar	Hungarian	/hɔŋˈxɑːr/
1192	vals	false, wrong, untrue	/fals/
1193	verlies	loss	/fərˈlis/
1194	saamkom	to gather, to congregate	/ˈsɑːm.kɔm/
1195	gesag	authority, power	/xəˈsɐx/
1196	hongare	Hungarian	/hɔŋˈxɑːrə/
1197	duiwe	pigeon, dove	/ˈdøyvə/
1198	skoot	shot	/skʊət/
1199	vlugteling	fugitive; runaway	/ˈflœχtələŋ/
1200	hongaars	Hungarian	/hɔŋˈxɑːrs/
1201	geëet	to eat	/χəˈɪət/
1202	rykdom	wealth, prosperity	/ˈrəi̯k.dɔm/
1203	berig	article, report	/bəˈrəx/
1204	stemme	vote	/ˈstɛmə/
1205	sending	mission	/ˈsɛn.dəŋ/
1206	buurman	neighbour	/ˈbyr.mɑn/
1207	suiwer	pure	/ˈsœɪ̯.vər/
1208	burger	citizen	/ˈbœr.ɡər/
1209	student	student	/styˈdɛnt/
1210	bruidegom	bridegroom	/ˈbrøydəˌxɔm/
1211	vark	pig	/fark/
1212	sinne	meaning, sense	/ˈsənə/
1213	sitkamer	sitting room	/sət.kɑː.mər/
1214	musikante	musician	/ˌmysiˈkɐntə/
1215	ruim	more than, in excess of	/rœi̯m/
1216	suid	south	/sœʏ̯t/
1217	sosiale	social	/suʃiˈɑːlə/
1218	tamatie	tomato	/taˈmɑː.ti/
1219	lelik	ugly	/ˈlɪə̯.lək/
1220	krap	crab	/ˈkrɐp/
1221	skouer	shoulder	/ˈskəʊər/
1222	lastig	difficult, tough	/ˈlas.təx/
1223	kamp	camp	/kamp/
1224	messelaar	bricklayer, mason	/ˈmɛsəˌlɑːr/
1225	vierde	fourth	/ˈfiːrdə/
1226	stert	tail	/ˈstært/
1227	grote	great; big; large	/ˈxrʊətə/
1228	toestemming	permission	/ˈtustɛməŋ/
1229	dal	dale, valley	[dɑl]
1230	aaklige	horrible	/ˈɑːkləxə/
1231	storm	storm	/stɔrm/
1232	kultuur	culture	/kœlˈtyr/
1233	drank	beverage, drink	/ˈdrɐŋk/
1234	aaklig	horrible	/ˈɑːkləx/
1235	divisie	division	/dəˈvisi/
1236	teef	bitch	/tiəf/
1237	hoede	hat	/ˈhudə/
1238	geslaan	hit, slap, beat, strike	/xəˈslɑːn/
1239	grys	grey/gray	/ˈxrɛɪs/
1240	gewoon	usual, ordinary	/χəˈvʊə̯n/
1241	gebaar	to gesture, to gesticulate	/χəˈbɑːr/
1242	kis	chest, box	/ˈkəs/
1243	ateljee	studio, atelier	/ɐtəlˈjiə/
1244	koppe	head	/ˈkɔpə/
1245	dronk	drunken	/ˈdrɔŋk/
1246	sweedse	Swedish	/ˈswiətsə/
1247	velde	A field, open country	/ˈfældə/
1248	kopie	copy	/kʊə̯ˈpi/
1249	rys	rice	[rə̟i̯s]
1250	bak	covered bowl, basin	/bak/
1251	gaande	to go	/ˈxɑːndə/
1252	bladsye	page	/ˈblɐtsɛɪə/
1253	wagwoord	password	/ˈvɐxvʊərt/
1254	wetenskap	science, scholarship	/ˈvɪə̯.tə(n)ˌskap/
1255	organisasie	organization	/ˌɔr.χa.niˈsɑː.si/
1256	switserse	Swiss	/ˈswətsərsə/
1257	hawe	port, harbour	/ɦɑːvə/
1258	vrouens	woman	/ˈfrəʊəns/
1259	lêers	binder, file	/ˈlæːərs/
1260	tulp	tulip	/ˈtœlp/
1261	takbok	A deer	/ˈtak.bɔk/
1262	gevorm	to form	/xəˈfɔrəm/
1263	matroos	sailor, mariner	/mɐˈtrʊəs/
1264	skop	to kick	/ˈskɔp/
1265	heks	witch	/ɦɛks/
1266	rusie	A quarrel, a row, an argument	/ˈry.si/
1267	gehang	to hang	/xəˈhɐŋ/
1268	republiek	republic	/rɛpɵˈblik/
1269	tekens	sign; signal	/ˈtiəkəns/
1270	eeu	century	/iu̯/
1271	koppie	head	/ˈkɔpi/
1272	lafaard	coward	/ˈlɐfɑːrt/
1273	vlerke	wing	/ˈflærkə/
1274	verbeelding	imagination	/fərˈbɪə̯l.dəŋ/
1275	geweer	rifle, gun	/xəˈviər/
1276	rekenaars	computer	/ˈriəkəˌnɑːrs/
1277	sirkel	circle	/ˈsər.kəl/
1278	swanger	pregnant	/ˈswɐŋər/
1279	gif	poison; a poisonous substance	/χəf/
1280	droog	dry	/drʊə̯χ/
1281	klokke	clock	/ˈklɔkə/
1282	voël	A bird	/fʊə̯l/
1283	invloed	influence	/ˈənflut/
1284	katolieke	Catholic	/kɐtuˈlikə/
1285	klavier	piano	/klaˈfir/
1286	voorkom	to occur	/ˈfʊərkɔm/
1287	bure	neighbor	/ˈbyrə/
1288	gedans	to dance	/xəˈdɑ̃ns/
1289	wrak	A wreck	/vrak/
1290	buis	tube, duct, pipe	/bœis/
1291	drankies	plural of drankie	/ˈdrɐŋkis/
1292	bitter	very	/ˈbətər/
1293	weerstand	resistance	/ˈvɪə̯r.stant/
1294	minnaar	male lover	/ˈmənɑːr/
1295	gebid	to pray	/xəˈbət/
1296	toespraak	a speech, an address	/ˈtu.sprɑːk/
1297	kompetisie	competition	/ˌkɔmpəˈtisi/
1298	deksels	lid	/ˈdɛksəls/
1299	duim	thumb	/ˈdøym/
1300	dokument	document	/ˌdɔkyˈmɛnt/
1301	agtergrond	background	/ˈɐxtərˌxrɔːnt/
1302	dwaal	to stray, to wander	/ˈdwɑːl/
1303	papiere	paper	/pɐˈpiːrə/
1304	blare	leaf	/ˈblɑːrə/
1305	april	April	/ɐˈprəl/
1306	grawe	earl, count	/ˈxrɑːvə/
1307	vrek	to die	/ˈfræk/
1308	verhaal	story	/fərˈɦɑːl/
1309	donder	to plummet, tumble	/dɔːnər/
1310	uitsig	view	/ˈøytˌsəx/
1311	spruit	stream or small river; river branch	/ˈsprøyt/
1312	onderhoud	interview	/ˈɔnərˌhəʊt/
1313	donkie	donkey	/ˈdɔŋki/
1314	bewe	tremble; shiver	/ˈbiəvə/
1315	koerante	newspaper	/kuˈrɐntə/
1316	nagte	The period between sunset and sunrise, when the sky is…	/ˈnɐxtə/
1317	hoofman	chief, chieftain, leader, ringleader	/ˈɦʊə̯f.man/
1318	vloei	To flow	/flui/
1319	lap	A patch, a rag, a piece of cloth	/lap/
1320	lewende	to live	/ˈliəvəndə/
1321	eg	genuinely, authentically	/ɛχ/
1322	ketting	chain	/ˈkɛtəŋ/
1323	lok	to lure, to bait	/lɔk/
1324	stadsaal	A city hall, a town hall	/ˈstat.sɑːl/
1325	krone	A crown	/ˈkrʊənə/
1326	italianer	Italian	/itɐliˈɑːnər/
1327	sekonde	second	/səˈkɔndə/
1328	skote	shot	/ˈskʊətə/
1329	opstand	uprising, rebellion, insurrection	/ˈɔp.stant/
1330	sondaar	A sinner	/ˈsɔn.dɑːr/
1331	sitplek	seat; a place to sit	/ˈsətplæk/
1332	koper	copper	/koːpər/
1333	x	X	/ˈɛks/
1334	belasting	tax, levy	/bəˈlɐstəŋ/
1335	dienste	service	/ˈdinstə/
1336	geel	yellow	/χɪə̯l/
1337	burgers	citizen	/ˈbœrɡərs/
1338	gevaarlike	dangerous	/xəˈfɑːrləkə/
1339	sanger	singer	/ˈsɐŋər/
1340	noot	A musical note	/nʊə̯t/
1341	goedkeuring	approval	/ˈχutˌkɪø.rɪŋ/
1342	appel	apple	/ˈa.pəl/
1343	italiaanse	Italian	/itɐliˈɑ̃nsə/
1344	beset	to occupy, to fill	/bəˈsɛt/
1345	doek	cloth, fabric	/duk/
1346	wandel	to wander	/ˈvɐndəl/
1347	tuine	A garden, yard	/ˈtøynə/
1348	baadjie	jacket	/ˈbɑːɪ̯ki/
1349	simbool	symbol	/səmˈbʊəl/
1350	leiers	leader	/ˈlɛɪərs/
1351	soggens	in the morning	/ˈsɔxəns/
1352	egiptiese	Egyptian	/iəˈxəptisə/
1353	middagete	lunch, luncheon	/ˈmədɐˌxiətə/
1354	domkop	A stupid person, dunce, duffer, dumbass	/ˈdɔmkɔp/
1355	spioeneer	to spy on	/spiuˈniər/
1356	twintig	twenty	/ˈtwəntəχ/
1357	julie	July	/ˈjuli/
1358	verbygaan	to pass, to go by	/fərˈbəi̯ˌχɑːn/
1359	lamp	lamp	/lamp/
1360	lyke	dead body; corpse	/ˈləi.kə/
1361	pyl	arrow	/ˈpɛɪl/
1362	woestyn	desert	/vusˈtɛɪn/
1363	beeste	cow, ox	/ˈbiəstə/
1364	longe	lung	/ˈlɔŋə/
1365	koors	fever	/ˈkʊərs/
1366	aanlyn	online	/ɑːnˈləi̯n/
1367	luis	louse	/lœis/
1368	hoofpyn	headache	/ˈhʊəfpɛɪn/
1369	inwoners	inhabitant	/ˈənvʊənərs/
1370	afghaanse	Afghan	/ˈɐfˌɡɑ̃nsə/
1371	vries	to freeze	/ˈfris/
1372	geeste	mind, spirit	/ˈxiəstə/
1373	vrydag	Friday	/ˈfrəi.daχ/
1374	suur	sour	/syr/
1375	spoeg	to spit	/spuχ/
1376	kanker	cancer	/ˈkaŋ.kər/
1377	antwoorde	answer	/ˈɐntvʊərdə/
1378	grootgeword	grow up	/ˈxrʊətxəˌvɔrt/
1379	strand	beach	/strant/
1380	edelman	nobleman	/ˈɪə̯.dəlˌman/
1381	wese	being	/ˈvɪə.sə/
1382	skrywers	writer	/ˈskrɛɪvərs/
1383	ordentlik	orderly	/ɔrˈdɛnt.lək/
1384	kool	cabbage, cole	/kʊəl/
1385	skaamte	shame	/ˈskɑːm.tə/
1386	nagmerrie	nightmare; a bad or terrifying dream	/ˈnɐxmɛˌri/
1387	rolle	role	/ˈrɔ.lə/
1388	biskop	bishop; high-ranking priest of the Roman-Catholic and…	/ˈbəskɔp/
1389	verf	paint	/fɛrf/
1390	gras	grass	/ˈxrɐs/
1391	regter	right; correct	/ˈræxtər/
1392	woensdag	Wednesday	/vunsdaχ/
1393	vrugte	A fruit	/ˈfrœxtə/
1394	jakkals	jackal	/ˈjɐkɐls/
1395	daai	alternative form of daardie	/dɑːi̯/
1396	pond	pound	/ˈpõnt/
1397	dade	deed; act	/ˈdɑːdə/
1398	verhoudinge	proportion	/fərˈhəʊdəŋə/
1399	sedertdien	since then	/ˌsɪə̯.dər(t)ˈdin/
1400	skadu	alternative form of skaduwee	/ˈskɑː.dy/
1401	volwasse	adult, full-grown	/fɔlˈvɐsə/
1402	tamaties	tomato	/tɐˈmɑːtis/
1403	chaos	primordial disorder	/ˈxɑːɔs/
1404	doof	deaf	/dʊəf/
1405	skerp	sharp	/ˈskærp/
1406	gebeurtenis	event	/χəˈbɪør.tə.nəs/
1407	turke	Turk	/ˈtœrkə/
1408	onnodig	unnecessary	/ɔˈnʊə̯.dəx/
1409	ster	star	/stɛr/
1410	maagd	maiden, virgin	/mɑːχt/
1411	skeef	skew, crooked, slanting, lopsided	/skiə̯f/
1412	vreemdelinge	stranger	/ˈfriəmdələŋə/
1413	vyfde	fifth	/ˈfɛɪfdə/
1414	groete	greeting	/ˈxrutə/
1415	gasvrou	hostess, entertainer	/ˈxɐsfrəʊ/
1416	februarie	February	/ˈfiəbryˌɑːri/
1417	konserte	concert	/kɔnˈsærtə/
1418	seën	A blessing	/sɪə̯n/
1419	toring	tower	/ˈtʊə̯.rəŋ/
1420	visse	fish	/ˈfə.sə/
1421	digters	poet	/ˈdəxtərs/
1422	slot	lock	/slɔt/
1423	matrose	sailor, mariner	/mɐˈtrʊəsə/
1424	noorweegse	synonym of Noors	/ˈnʊərviəxsə/
1425	werker	worker	/ˈværkər/
1426	vlag	flag	/ˈflɐx/
1427	onderwysers	teacher	/ˌɔnərˈvɛɪsərs/
1428	roomys	ice cream	/ˈrʊəmɛɪs/
1429	tegnies	technically	/ˈtæxnis/
1430	sakdoek	A handkerchief	/ˈsak.duk/
1431	spieël	mirror	/spiːl/
1432	katjie	cat	/kaɪ̯ki/
1433	families	family	/fɐˈmilis/
1434	junie	June	/ˈjuni/
1435	appels	apple	/ˈɐpəls/
1436	waai	to wave	/ˈvɑɪ/
1437	nut	use, benefit	[nʊ̠t]
1438	warmte	warmth	/ˈvarm.tə/
1439	slaapkamer	bedroom	/ˈslɑːpˌkɑː.mər/
1440	betekenis	understanding; meaning; content	/bəˈtiə̯kənəs/
1441	boonop	on top, above	/bʊə̯nˈɔp/
1442	wild	wild	/vəlt/
1443	kerse	candle	/ˈkærsə/
1444	beweging	motion	/bəˈviəxəŋ/
1445	weggooi	to throw away	/ˈvɛχ.χoːi̯/
1446	herfs	autumn, fall	/ɦɛrfs/
1447	klante	customer, client	/ˈklɐntə/
1448	droë	dry	/drʊə̯/
1449	kele	throat	/ˈkiələ/
1450	tegnologie	technology	/ˌtæxnuluˈxi/
1451	aansteek	to pin on	/ˈɑːnstiək/
1452	doodstil	silent as the grave	/ˈdʊə̯t.stəl/
1453	bodem	bottom	/ˈbʊədəm/
1454	byl	axe	/ˈbɛɪl/
1455	kelders	cellar, basement	/ˈkældərs/
1456	dreig	to threaten	/ˈdrɛɪx/
1457	neutraliteit	neutrality	/nøətrɐliˈtɛɪt/
1458	uitdrukking	expression	/ˈœi̯(t).drœ.kəŋ/
1459	eensaam	solitary, lonely	/ˈɪə̯n.sɑːm/
1460	bedryf	business, enterprise	/bəˈdrəif/
1461	beskrywing	description	/bəsˈkrɛɪvəŋ/
1462	november	November	/nʊəˈfɛmbər/
1463	duif	pigeon, dove	/dœi̯f/
1464	hondjie	dog	/ɦɔɪ̯ŋki/
1465	leeftyd	age	/ˈliəftɛɪt/
1466	onbekend	unknown	/ˌɔn.bəˈkɛnt/
1467	suiker	sugar	/ˈsœi̯.kər/
1468	voordeur	front door	/ˈfʊə̯r.dɪør/
1469	gesinne	family	/xəˈsənə/
1470	hartlik	cordial, warm	/ˈɦar.tə.lək/
1471	oorspronklik	original	/ʊərsˈprɔŋklək/
1472	gelaai	to load	/xəˈlɑɪ/
1473	taktiek	tactics	/takˈtik/
1474	offisiële	official	/ɔfiʃiˈiələ/
1475	kruie	herb	/ˈkrøyə/
1476	gerugte	rumor	/xəˈrœxtə/
1477	senuweeagtig	nervous	/ˈsɪə̯.ny.vɪə̯ˌaχ.təχ/
1478	rotse	rock	/ˈrɔtsə/
1479	volledig	complete	/fɔledəχ/
1480	maart	March	/ˈmɑːrt/
1481	noukeurig	precise, accurate	/ˌnœu̯ˈkɪø.rəχ/
1482	moontlikheid	possibility	/ˈmʊəntləkˌhɛɪt/
1483	oplos	to resolve, to solve	/ˈɔˌplɔs/
1484	slagoffers	victim	/ˈslɐxɔfərs/
1485	strate	street, road	/ˈstrɑːtə/
1486	moeders	mother	/ˈmudərs/
1487	wes	west	/ˈvɛs/
1488	arriveer	to arrive	/ˌa.riˈfɪə̯r/
1489	walvis	whale	/val.fəs/
1490	klanke	sound	/ˈklɐŋkə/
1491	vroeë	early	/ˈfruːə/
1492	russies	Russian	/ˈrœsis/
1493	onderwys	education	/ˈɔnərˌvɛɪs/
1494	hoenders	chicken	/ˈɦu.nərs/
1495	maandag	Monday	/ˈmɑːn.daχ/
1496	restaurant	restaurant	/rɛstʊə̯ˈrant/
1497	verkiesing	election	/fərˈkisəŋ/
1498	hoender	chicken	/ˈɦu.nər/
1499	augustus	August	/ɔˈxœstœs/
1500	swaan	swan	/svɑːn/
1501	kleinkinders	grandchild	/ˈklɛɪŋkəndərs/
1502	motief	A motive	/mʊə̯ˈtif/
1503	geur	A scent, smell, odour, odor	/χɪør/
1504	rokke	A dress	/ˈrɔkə/
1505	tenk	tank	/ˈtɛŋk/
1506	velle	A skin, a hide	/ˈfælə/
1507	skerwe	shard, fragment	/ˈskærvə/
1508	uitsondering	exception	/ˈœi̯tˌsɔn.də.rəŋ/
1509	plofstof	explosive, explosive substance	/ˈplɔfstɔf/
1510	c	C	/ˈsiə/
1511	prent	image; picture; graphic	/prɛnt/
1512	kussing	A pillow, a cushion	/ˈkœ.səŋ/
1513	e	E	/ˈiə/
1514	outisme	autism	/œu̯ˈtəs.mə/
1515	loon	wage	/ˈlʊən/
1516	januarie	January	/ˈjɐnyˌɑːri/
1517	petrol	petroleum, oil	/pɛtrɔl/
1518	gemeenskap	A community	/χəˈmɪə̯nˌskap/
1519	paspoort	passport	/ˈpas.pʊə̯rt/
1520	letterlik	literally	/ˈlɛtərlək/
1521	geagte	dear; a formal way to address somebody at the beginning of…	/xəˈɐxtə/
1522	diepte	depth	/ˈdiptə/
1523	literatuur	literature	/lətərɐˈtyr/
1524	rowers	robber, bandit	/ˈrʊəvərs/
1525	sigaret	cigarette	/səxɐˈrɛt/
1526	skedel	skull	/ˈskɪə̯.dəl/
1527	tannie	aunt	/ˈtɐni/
1528	muis	A mouse	/mœi̯s/
1529	adel	nobility, aristocracy	/ˈɑː.dəl/
1530	pateties	pathetically; pitiably	/pɐˈtiətis/
1531	amerikaners	American	/ɐˌmiəriˈkɑːnərs/
1532	klimaat	climate	/kliˈmɑːt/
1533	prente	image; picture; graphic	/ˈprɛntə/
1534	boonste	top, upper, uppermost, topmost	/ˈbʊənstə/
1535	beeld	image, picture	/ˈbiəlt/
1536	konings	king	/ˈkʊənəŋs/
1537	legioen	legion	/leː.xiˈun/
1538	stewels	boot	/ˈstiəvəls/
1539	helm	helmet	/ˈhælm/
1540	resep	recipe	/rəˈsɛp/
1541	sugte	a sigh	/ˈsœxtə/
1542	wiel	wheel	/ˈvil/
1543	sweef	to float	/ˈswiəf/
1544	liedjie	song	/ˈli.ki/
1545	klou	claw	/ˈkləʊ/
1546	boude	buttock	/ˈbəʊdə/
1547	verenig	to unite, to make united	/fəˈriənəx/
1548	voorvaders	ancestor, forefather	/ˈfʊərfɑːdərs/
1549	tandpyn	toothache	/ˈtɐntpɛɪn/
1550	tydperk	period	/ˈtɛɪtpærk/
1551	glase	glass	/ˈxlɑːsə/
1552	lede	member	/ˈlɪə.də/
1553	streek	prank, trick	/strɪə̯k/
1554	tandarts	dentist	/ˈtɐntɐrts/
1555	getalle	A number	/xəˈtɐlə/
1556	ink	to ink	/əŋk/
1557	gedryf	To float	/xəˈdrɛɪf/
1558	diplomasie	diplomacy	/di.ploː.maˈsi/
1559	tooi	to adorn, decorate	/toːi̯/
1560	hoofstad	capital, capital city	/ˈɦʊə̯f.stat/
1561	groente	Vegetables	/ˈχrun.tə/
1562	verrot	alternative form of vrot	/fəˈrɔt/
1563	bril	A pair of glasses	/brəl/
1564	tone	toe	/ˈtʊənə/
1565	spoel	spool	/spul/
1566	vlugtelinge	fugitive; runaway	/ˈflœxtələŋə/
1567	verdagte	suspect, defendant	/fərˈdaχ.tə/
1568	rand	edge, border	/ˈrɐnt/
1569	karakters	character	/kɐˈrɐktərs/
1570	skerm	screen	/ˈskærəm/
1571	bordeel	brothel, bordello	/bɔrˈdɪə̯l/
1572	sink	to sink	/səŋk/
1573	strikke	bow	/ˈstrəkə/
1574	spaanse	Spanish	/ˈspɑ̃nsə/
1575	kierie	A walking stick, a cane, either of a European type or of a…	/ˈki.ri/
1576	speelgrond	A playground	/ˈspɪəl.χrɔnt/
1577	apie	A monkey, ape	/ˈɑːpi/
1578	tiende	tenth	/ˈtində/
1579	ys	ice, frozen water	[ə̟i̯s]
1580	ministerie	ministry	/ˌmə̯.nəsˈtɪə̯.ri/
1581	nagereg	dessert	/ˈnɑː.χəˌrɛχ/
1582	joernaal	journal	/jurˈnɑːl/
1583	sweet	sweat	/svɪə̯t/
1584	mik	to aim, to target	/mək/
1585	riviere	river	/rəˈfiːrə/
1586	knie	knee	/kni/
1587	grootword	grow up	/ˈxrʊətvɔrt/
1588	straal	ray, beam	/strɑːl/
1589	tuiste	A home	/ˈtœi̯s.tə/
1590	kommunisme	communism	/ˌkɔmyˈnəsmə/
1591	elemente	plural of element	/ɛləˈmɛntə/
1592	priesters	priest	/ˈpristərs/
1593	christen	Christian	/ˈxrəstən/
1594	verspil	to waste	/fərˈspəl/
1595	dominee	pastor, minister	/ˈduə̯məni(ə̯)/
1596	grootmense	An adult person	/ˈxrʊətmẽnsə/
1597	inhoud	volume	/ˈən.ɦœu̯t/
1598	wingerd	vineyard	/ˈvəŋərt/
1599	amptelik	official	/ˈɐmptələk/
1600	kwas	brush	/ˈkwɐs/
1601	pomp	pump	/pɔmp/
1602	vaartuig	vessel	/ˈfɑːr.tœi̯χ/
1603	mening	An opinion	/ˈmɪə̯.nəŋ/
1604	stoor	to store, to storage	/ˈstʊər/
1605	veldtog	military campaign	/ˈfɛl.tɔχ/
1606	hys	to hoist, to lift	/ɦəi̯s/
1607	verkenners	A scout	/fərˈkɛnərs/
1608	geslag	gender	/xəˈslɐx/
1609	grieks	Greek; Grecian	/ˈxriks/
1610	liedjies	song	/ˈlicis/
1611	eina	ouch! ow!	/ˈəi̯.na/
1612	r	R	/ˈær/
1613	ontsteking	inflammation	/ˌɔntˈstɪə̯.kəŋ/
1614	sesde	sixth	/ˈsɛsdə/
1615	beker	cup, beaker	/ˈbiəkər/
1616	soet	sweet	/sut/
1617	internet	the Internet	/ˈəntərˌnɛt/
1618	swaer	brother-in-law	/swɑːr/
1619	deugde	virtue	/ˈdøəxdə/
1620	eensaamheid	loneliness	/ˈɪə̯n.sɑːm.ɦəi̯t/
1621	lekkerder	having a nice taste, tasty, good, delicious	/ˈlækərdər/
1622	hartaanval	heart attack	/ˈɦart.ɑːn.fal/
1623	profeet	prophet	/prʊəˈfɪət/
1624	vlamme	flame	/ˈflɐmə/
1625	state	state	/ˈstɑːtə/
1626	boei	buoy	/bui̯/
1627	nommers	number	/ˈnɔmərs/
1628	onse	alternative form of ons: first-person plural possessive…	/ˈɔnsə/
1629	oorblyfsels	remnant, remainder, something that remains	/ˈʊərblɛɪfsəls/
1630	koeie	cow	/ˈkuɪə/
1631	aangesteek	to pin on	/ˈɑːnxəsˌtiək/
1632	opkom	to come up, to rise	/ˈɔpˌkɔm/
1633	winkel	A shop	/ˈvəŋkəl/
1634	goedkeur	to approve	/ˈχut.kɪør/
1635	strik	bow	/strək/
1636	stoele	chair	/ˈstulə/
1637	meerderheid	majority	/ˈmiərdərˌhɛɪt/
1638	handskoene	glove	/ˈhɐntskunə/
1639	vinger	finger	/ˈfəŋ.ər/
1640	verhale	story	/fərˈhɑːlə/
1641	burgeroorlog	civil war	/ˈbœr.χərˌʊə̯r.lɔχ/
1642	longontsteking	pneumonia	/ˈlɔŋɔntsˌtiəkəŋ/
1643	skole	school	/ˈskʊələ/
1644	botter	butter; a soft, fatty foodstuff made from the cream of milk	/ˈbɔ.tər/
1645	eier	egg	/ˈəiər/
1646	dam	pond, basin	/ˈdɐm/
1647	ryp	ripe, mature	/ˈrɛɪp/
1648	verminder	to reduce, to diminish	/fərˈmən.dər/
1649	amptenaar	civil servant	/ˈɐmptəˌnɑːr/
1650	lekkergoed	sweets, candy	/ˈlækərˌxut/
1651	kandidaat	candidate	/ˌkan.diˈdɑːt/
1652	terrein	grounds, terrain	/təˈrɛɪn/
1653	provinsie	province	/pruˈfənsi/
1654	preek	sermon	/prɪə̯k/
1655	gehardloop	run	/xəˈhɐrtlʊəp/
1656	reisiger	traveller	/ˈrɛɪsəxər/
1657	sieke	ill, sick, unwell	/ˈsikə/
1658	grafte	grave	/ˈxrɐftə/
1659	boodskappe	message	/ˈbʊətskɐpə/
1660	tak	branch, twig, bough	/ˈtɐk/
1661	dode	the dead	/ˈdʊədə/
1662	dig	closed, shut, tight	/dəχ/
1663	skuil	hide; shelter	/ˈskøyl/
1664	pouse	pope	/ˈpəʊsə/
1665	mensheid	humanity	/ˈmɛns.ɦəi̯t/
1666	agterplaas	backyard	/ˈɐxtərˌplɑːs/
1667	suurlemoen	lemon	/ˈsyrləˌmun/
1668	uurglas	hourglass	/ˈyr.χlas/
1669	offisieel	official	/ˌɔ.fi.siˈɪə̯l/
1670	sirkus	circus	/ˈsər.kœs/
1671	b	B	/ˈbiə/
1672	veer	feather	/ˈfiər/
1673	arend	eagle	/ˈɑːrənt/
1674	ham	ham	/ɦam/
1675	amerikaans	American	/ɐˌmiəriˈkɑ̃ns/
1676	kersies	cherry	/ˈkærsis/
1677	besetting	occupation	/bəˈsɛ.təŋ/
1678	eik	oak tree, any tree of the genus Quercus	/əi̯k/
1679	sens	scythe	/ˈsɛns/
1680	sprakeloos	synonym of spraakloos	/ˈsprɑːkəˌlʊəs/
1681	tegniek	technique, technical skill	/tɛχˈnik/
1682	skouers	shoulder	/ˈskəʊərs/
1683	opnames	The act of absorbing or assimilating, uptake, absorption	/ˈɔpˌnɑːməs/
1684	skaduwee	shadow	/ˈskɑːdyˌviə̯/
1685	vragmotor	lorry	/ˈfrɐxmʊətər/
1686	sent	cent	/sɛnt/
1687	aankyk	to look at	/ˈɑːŋkɛɪk/
1688	niksnut	good-for-nothing	/ˈnəksnœt/
1689	koeël	bullet	/kuːl/
1690	linkerkant	left-hand side	/ˈləŋkərˌkɐnt/
1691	liefdesverhale	love story	/ˈlifdəsfərˌhɑːlə/
1692	gebed	prayer	/χəˈbɛt/
1693	sokker	association football	/ˈsɔkər/
1694	pluk	to pick, to pluck	/plœk/
1695	misdade	crime	/ˈməsdɑːdə/
1696	romp	skirt	/ˈrɔmp/
1697	sondes	sin	/ˈsɔndəs/
1698	wyd	wide	/vəi̯t/
1699	energie	energy	/ɛnərˈxi/
1700	tong	tongue	/tɔŋ/
1701	tempel	temple	/ˈtɛmpəl/
1702	liedere	song, anthem	/ˈlidərə/
1703	komende	come	/ˈkʊəməndə/
1704	gans	goose	/ˈxɐns/
1705	wêrelde	world	/ˈvæːrəldə/
1706	lappe	A patch, a rag, a piece of cloth	/ˈlɐpə/
1707	neerlê	to lay; to put	/ˈniə̯rˌlɛː/
1708	deure	door	/ˈdɪørə/
1709	nederlanders	Netherlander, Dutchman, Dutchwoman	/ˈniədərˌlɐndərs/
1710	gevare	danger, peril	/xəˈfɑːrə/
1711	teoloog	theologian	/tiuˈlʊəx/
1712	bosse	wood, forest	/ˈbɔ.sə/
1713	avontuur	adventure	/a.fɔnˈtyr/
1714	swaai	swing	/ˈswɑɪ/
1715	uitspraak	pronunciation	/ˈœʏ̯tsprɑːk/
1716	gebewe	tremble; shiver	/xəˈbiəvə/
1717	dagboek	diary	/ˈdaχ.buk/
1718	heelal	universe	/ɦɪə̯lˈal/
1719	koei	cow	/kui̯/
1720	pot	pot; jar	/ˈpɔt/
1721	soebat	to beg, to implore	/ˈsubɐt/
1722	insekte	insect	/ˈənsɛktə/
1723	tale	language	/tɑːlə/
1724	oostenrykse	Austrian	/ˈʊəstəˌnrɛɪksə/
1725	bedel	To beg	/ˈbiədəl/
1726	uitgegaan	go out; exit	/ˈøytxəˌxɑːn/
1727	buiteland	abroad	/ˈbøytəˌlɐnt/
1728	serp	scarf	/sɛrp/
1729	deug	virtue	/dɪø̯χ/
1730	verpas	to miss, to be too late for	/fərˈpas/
1731	adelstand	nobility, aristocracy	/ˈɑː.dəlˌstant/
1732	gebaseer	to base	/xəbɐˈsiər/
1733	lojaliteit	loyalty, allegiance	/lujɐliˈtɛɪt/
1734	violette	violet-coloured	/fiuˈlɛtə/
1735	kompas	compass	/kɔmˈpas/
1736	begrip	notion, concept, term	/bəˈχrəp/
1737	kortliks	recently	/ˈkɔrt.ləks/
1738	spioenasie	espionage	/spiuˈnɑːsi/
1739	outjie	guy, bloke, dude	/ˈœuki/
1740	smous	A hawker	/smœu̯s/
1741	aankoms	arrival	/ˈɑːŋkɔms/
1742	aftree	retire	/ˈɐfˌtriə/
1743	praktyk	practice, activity, pursuit	/prakˈtəi̯k/
1744	haan	A cock, rooster	/ɦɑːn/
1745	pannekoeke	pancake	/ˈpɐnəˌkukə/
1746	karre	cart	/ˈka.rə/
1747	grade	degree, stage of qualification or proficiency in a course…	/ˈxrɑːdə/
1748	spraak	speech	/ˈsprɑːk/
1749	besoeke	a visit	/bəˈsukə/
1750	skedule	schedule	/skɛˈdylə/
1751	skurk	villain, scoundrel	/skœrk/
1752	dye	thigh	/ˈdɛɪə/
1753	bere	bear	/ˈbiərə/
1754	betoon	to show, display	[bətuən]
1755	adresse	address, direction	/ɐˈdrɛsə/
1756	bekentenis	confession	/bəˈkɛntəˌnəs/
1757	italiaans	Italian	/itɐliˈɑ̃ns/
1758	teaters	theatre	/tiˈɑːtərs/
1759	worse	sausage	/ˈvɔːrsə/
1760	protes	protest	/prʊə̯ˈtɛs/
1761	getye	tide	/xəˈtɛɪə/
1762	leser	reader	/ˈliəsər/
1763	rou	raw	/rœu/
1764	begraafplaas	cemetery; graveyard	/bəˈχrɑːfˌplɑːs/
1765	herinnering	A memory, something that one remembers	/ˌɦɛˈrən(ə).rəŋ/
1766	bekroon	to crown, to award	/bəˈkrʊə̯n/
1767	kots	to vomit	/kɔts/
1768	keel	throat	/kiə̯l/
1769	verjaarsdag	alternative form of verjaardag	/fərˈjɑːrsˌdaχ/
1770	vissie	fish	/ˈfəsi/
1771	geswem	to swim	/xəˈswɛm/
1772	geleerde	academic or otherwise learned expert; scholar, scientist	/χəˈlɪə̯r.də/
1773	knip	to cut	/ˈknəp/
1774	roos	rose	/rʊə̯s/
1775	spioen	a spy; a scout	/spiˈun/
1776	daarbenewens	additionally, in addition; beyond that	/ˈdɑːrbəˌniəvəns/
1777	skel	to use insults, to swear, to hurl abuse	/ˈskæl/
1778	hamer	a hammer; a tool used for pounding	/ˈɦɑː.mər/
1779	wies	alternative form of wees	/vis/
1780	hemele	sky	/ˈhiəmələ/
1781	sug	to sigh	/sœχ/
1782	veiling	auction	/ˈfəi̯.ləŋ/
1783	osse	ox	/ˈɔsə/
1784	bruidskat	dowry	/ˈbrœi̯t.skat/
1785	tik	to tap	/tək/
1786	waters	any artificial fluid similar to water	/ˈvɑːtərs/
1787	betuig	to express, to profess, to declare	/bəˈtœi̯χ/
1788	munte	coin	/ˈmœntə/
1789	eienaardig	weird	/ɛɪəˈnɑːrdəx/
1790	note	A musical note	/ˈnʊətə/
1791	ligroos	pink	/ˈləxrʊəs/
1792	huisves	to house, to accommodate	/ˈɦœi̯s.fɛs/
1793	katoliek	Catholic	/ka.tʊə̯ˈlik/
1794	mandjie	basket	/ˈmaɪŋci/
1795	skaamteloos	shameless, impudent	/ˈskɑːm.təˌlʊə̯s/
1796	pynstillers	painkiller	/ˈpɛɪnstələrs/
1797	spiere	muscle	/ˈspiːrə/
1798	beperk	to limit, to curtail, to restrict, to constrain	/bəˈpɛrk/
1799	stoof	stove	/ˈstʊəf/
1800	solder	attic	/ˈsɔl.dər/
1801	heupbeen	hip bone	/ˈhøəpbiən/
1802	klant	customer, client	/klant/
1803	reise	journey, trip, voyage	/ˈrɛɪsə/
1804	z	Z	/ˈzɛd/
1805	gasheer	host, entertainer	/ˈxɐshiər/
1806	kanadese	Canadian	/kɐnɑːˈdiəsə/
1807	produkte	product	/pruˈdœktə/
1808	loopbane	career	/ˈlʊəpbɑːnə/
1809	stol	to solidify, to congeal, to coagulate	/stɔl/
1810	vloere	A floor	/ˈfluːrə/
1811	regisseur	director	/ˌrɪə̯.χiˈsɪør/
1812	pantoffels	slipper	/pɐnˈtɔfəls/
1813	italianers	Italian	/itɐliˈɑːnərs/
1814	duitser	German	/ˈdøytsər/
1815	verslae	report	/fərˈslɑː/
1816	lemoene	orange	/ləˈmunə/
1817	kerkhof	churchyard, cemetery	/ˈkærkhɔf/
1818	kusse	coast, shoreline, seashore	/ˈkœsə/
1819	kil	cold, chilly	/kəl/
1820	niggies	niece	/ˈnəxis/
1821	mantel	cloak, mantle, gown	/ˈman.təl/
1822	vlieënier	pilot	/fliəˈniːr/
1823	spioene	a spy; a scout	/spiˈunə/
1824	sangers	singer	/ˈsɐŋərs/
1825	kaarte	map	/ˈkɑːrtə/
1826	meule	mill	/ˈmɪø.lə/
1827	gelewe	alternative form of leef	/xəˈliəvə/
1828	meesters	A master	/ˈmiəstərs/
1829	proses	process	/prʊə̯ˈsɛs/
1830	oortuiging	persuasion	/ʊərˈtøyxəŋ/
1831	vooraf	beforehand, in advance	/ˈfʊərɐf/
1832	gestem	to vote	/xəsˈtɛm/
1833	dinastie	dynasty	/dinɐsˈti/
1834	databasis	database	/ˈdɑːtɑːˌbɑːsəs/
1835	wurms	worm	/ˈvœrəms/
1836	paradys	paradise	/ˌpɐrɐˈdɛɪs/
1837	koeëls	bullet	/kuːls/
1838	letter	letter	/ˈlɛ.tər/
1839	breë	broad	/brɪə̯/
1840	altaar	altar	/ˈal.tɑːr/
1841	handdoeke	A towel, a cloth used for drying one's hands	/ˈhɐndukə/
1842	leuen	lie	/lyə̯n/
1843	broodrolletjies	plural of broodrolletjie	/ˈbrʊətrɔˌlicis/
1844	waatlemoen	watermelon	/ˈvɑːtləˌmun/
1845	geskrap	to strike or cross out	/xəsˈkrɐp/
1846	grimeer	to do one's makeup, to apply makeup	/xrəˈmiər/
1847	uitvoer	to execute, carry out; perform	/ˈøytˌfuːr/
1848	hol	A hole, a hollow, a cavity	/ɦɔl/
1849	slagter	butcher	/ˈslɐxtər/
1850	insig	insight, understanding	/ˈən.səχ/
1851	lekkers	having a nice taste, tasty, good, delicious	/ˈlækərs/
1852	grou	grey, ash-coloured; dull white; dull black	/χrʌu̯/
1853	dwelms	drug	/ˈdwæləms/
1854	kleinkind	grandchild	/ˈkləi̯n.kənt/
1855	salaris	salary	/səˈlɑːrəs/
1856	grense	border, frontier	/ˈxrẽnsə/
1857	landskap	landscape	/ˈlant.skap/
1858	siekeboeg	sick bay	/ˈsikəˌbux/
1859	honderd	hundred	[ɦɔn.dərt]
1860	drup	A drop of a liquid	/drœp/
1861	wiskunde	mathematics	/ˈvəskœndə/
1862	pienk	pink	/piŋk/
1863	bouer	builder; construction worker	/ˈbəʊər/
1864	strek	to stretch, to extend	/strɛk/
1865	broeke	A pair of trousers, pair of pants	/ˈbrukə/
1866	wette	law	/ˈvɛtə/
1867	spelling	spelling	/ˈspæləŋ/
1868	pil	A pill	/pəl/
1869	feeste	party; social gathering	/ˈfiəstə/
1870	bokwiet	buckwheat	/ˈbɔk.vit/
1871	metode	method	/məˈtʊədə/
1872	kopieë	copy	/kuˈpiːə/
1873	funksie	function, purpose	/ˈfœŋksi/
1874	draak	dragon	/drɑːk/
1875	berigte	article, report	/bəˈrəxtə/
1876	sonlig	sunlight	/ˈsɔnləx/
1877	tand	tooth	/ˈtɐnt/
1878	dosis	dose	/ˈdʊəsəs/
1879	pyle	arrow	/ˈpɛɪlə/
1880	aristokrasie	aristocracy	/ɐrəsˌtukrɐˈsi/
1881	provinsies	province	/pruˈfənsis/
1882	gety	tide	/xəˈtɛɪ/
1883	biografie	biography	/ˌbiuxrɐˈfi/
1884	skemer	twilight	/ˈskiəmər/
1885	weerlig	lightning	/ˈviərləx/
1886	onrus	unrest	/ˈɔˌnrœs/
1887	staal	steel	/stɑːl/
1888	europese	European, related to Europe and its civilisation; or the…	/øərʊəˈpiəsə/
1889	hef	handle	/ɦɛf/
1890	vertaal	to translate	/fərˈtɑːl/
1891	mas	mast	/mas/
1892	verwoesting	destruction, devastation	/fərˈvus.təŋ/
1893	ruiters	A rider of an animal, usually a horse; a horseman	/ˈrøytərs/
1894	woordeboeke	dictionary	/ˈvuə̯rdəˌbukə/
1895	afgaan	to go down; descend	/ˈafχɑːn/
1896	middele	means	/ˈmədələ/
1897	orals	alternative form of oral	/ˈʊərɐls/
1898	wis	to know	/ˈvəs/
1899	argitektuur	architecture	/ɐrxitɛkˈtyr/
1900	saans	in the evening	/sɑːns/
1901	oumas	grandmother	/ˈəʊmɐs/
1902	treine	train	/ˈtrɛɪnə/
1903	teel	to cultivate	/tiə̯l/
1904	munt	coin	/ˈmœnt/
1905	spanjaarde	Spaniard	/spɐˈnjɑːrdə/
1906	vors	prince, monarch	/ˈfɔrs/
1907	pryse	price	/ˈprɛɪsə/
1908	seldsame	attributive form of seldsaam	/ˈsæltsɑːmə/
1909	wiele	wheel	/ˈvilə/
1910	moontlikhede	possibility	/ˈmʊəntləkˌhiədə/
1911	bar	barren	[bar]
1912	ruiter	A rider of an animal, usually a horse; a horseman	/ˈrœi̯.tər/
1913	weense	Viennese; of, from or pertaining to Vienna	/ˈviənsə/
1914	graad	degree, stage of qualification or proficiency in a course…	/χrɑːt/
1915	pyp	pipe	/pəip/
1916	vullis	rubbish; filth	/ˈfœləs/
1917	egoïs	egoist	/ˈiəxʊəˌəs/
1918	desember	December	/diəˈsɛmbər/
1919	granaat	grenade	/χraˈnɑːt/
1920	oorlewende	to survive	/ʊərˈliəvəndə/
1921	babas	baby	/ˈbɑːbɐs/
1922	brandweer	fire department	/ˈbrɐntviər/
1923	vegtende	to fight	/ˈfæxtəndə/
1924	liefdesverhaal	love story	/ˈlifdəsfərˌhɑːl/
1925	siele	soul	/ˈsilə/
1926	organe	organ	/ɔrˈxɑːnə/
1927	spyskaart	menu	/ˈspɛi̯s.kaːrt/
1928	oopgaan	to open, to come open	/ˈʊəpxɑːn/
1929	klub	club	/ˈklœp/
1930	iedereen	everyone; everybody	/ˈidəˌriən/
1931	sente	cent	/ˈsɛntə/
1932	ogie	eye	/ˈʊəxi/
1933	onderdruk	to oppress	/ɔnərˈdrœk/
1934	woonstelle	An apartment	/ˈvʊənstælə/
1935	braai	to grill meat over an open flame, to braai	/brɑːi/
1936	opeet	to eat up, to devour	/ˈɔp.ɪə̯t/
1937	sigbaar	visible	/ˈsəχ.bɑːr/
1938	pools	Polish	/pʊəls/
1939	onsigbaar	invisible	/ɔnˈsəxbɑːr/
1940	deuntjie	tune, melody, ditty	/ˈdøəiŋˌci/
1941	gereën	to rain	/xəˈriən/
1942	skedels	skull	/ˈskiədəls/
1943	duister	dark	/ˈdœistər/
1944	polities	political	/puˈlitis/
1945	weervoorspelling	weather forecast	/ˈviərfʊərsˌpæləŋ/
1946	uitkyk	to look out	/ˈøytˌkɛɪk/
1947	gewese	former	/xəˈviəsə/
1948	formule	formula	/ˌfɔrˈmy.lə/
1949	innig	intimate	/ˈə.nəx/
1950	werp	to throw	/ˈværp/
1951	dertig	thirty	/ˈdærtəx/
1952	welaf	well off, moderately wealthy	/ˈvælɐf/
1953	nul	zero	/nœl/
1954	laerskool	primary school	/ˈlɑːrskʊəl/
1955	ruïnes	ruin	/ryˈinəs/
1956	konyn	rabbit	/kuˈnɛɪn/
1957	galop	gallop	/xɐˈlɔp/
1958	geboue	building	/xəˈbəʊə/
1959	piek	A highest point; a peak	/pik/
1960	godsdiens	religion	/ˈχɔts.dins/
1961	sodoende	thereby	/ˌsʊə̯ˈdun.də/
1962	kruise	X-shape	/ˈkrøysə/
1963	melodie	melody	/ˌmɛluˈdi/
1964	oostenrykers	Austrian	/ˈʊəstəˌnrɛɪkərs/
1965	dokumentêr	documentary	/ˌdʊə̯.ky.mɛnˈtɛːr/
1966	sous	sauce	/sœu̯s/
1967	maer	lean, fatless	/mɑːr/
1968	bas	bass	[bɑs]
1969	argitekte	architect	/ɐrxiˈtɛktə/
1970	profete	prophet	/pruˈfiətə/
1971	vyftien	fifteen	/ˈfəiftin/
1972	winkeltjies	plural of winkeltjie	/ˈvəŋkəlˌcis/
1973	gemsbok	gemsbok	/ˈxɛmsbɔk/
1974	besoedel	to besmirch, to sully, to stain	/bəˈsu.dəl/
1975	mishandel	to abuse, to mistreat	/ˌməsˈɦɑn.dəl/
1976	honderdste	hundredth	/ˈhɔnərtstə/
1977	wy	obsolete form of ons	/vəi/
1978	politikus	politician	/pʊəlitiˈkœs/
1979	prakties	practical	/ˈprɐktis/
1980	kneg	servant	/knɛχ/
1981	komma	comma	/ˈkɔmɐ/
1982	kouse	stocking, long sock	/ˈkəʊsə/
1983	snert	rubbish; trash	/snɛrt/
1984	baseer	to base	/bɐˈsiər/
1985	kragte	strength	/ˈkrɐxtə/
1986	bydrae	contribution	/ˈbɛɪdrɑː/
1987	portugees	Portuguese	/pɔrtyˈxiəs/
1988	aflaai	to unload	/ˈaf.lɑːi̯/
1989	krans	crown	/ˈkrɑ̃ns/
1990	slurp	trunk	/slœrp/
1991	kanale	canal	/kɐˈnɑːlə/
1992	sestig	sixty	/ˈsɛstəx/
1993	gelowige	A believer	/χəˈlʊə̯.və.χə/
1994	pan	lake or pond; pan	/pan/
1995	kloof	gap, split	/kluəf/
1996	tier	tiger	/tir/
1997	emosie	emotion, feeling	/iˈmʊəsi/
1998	esel	donkey, ass	/ˈɪə.səl/
1999	paddatjies	plural of paddatjie	/ˈpɐdaɪˌcis/
2000	bottels	bottle	/ˈbɔtəls/
2001	afrikaans	Afrikaans, relating to Afrikaans	/afriˈkɑ̃ːs/
2002	vlieë	fly	/ˈfliːə/
2003	skoen	shoe	/skun/
2004	piesang	banana	/ˈpi.saŋ/
2005	area	area	/ˈɑːriˌɐ/
2006	gekroon	to crown, to award	/xəˈkrʊən/
2007	sweeds	Swedish	/ˈswiəts/
2008	klont	A lump	/klɔnt/
2009	straatvrou	A streetwalker	/ˈstrɑːt.frœu̯/
2010	lopie	walking, gait	/ˈlʊəpi/
2011	vulkaan	volcano	/vœlˈkɑːn/
2012	liefdesbrief	love letter	/ˈlif.dəsˌbrif/
2013	terapie	therapy	/tɛrɐˈpi/
2014	sjokolade	chocolate	/ˌʃu(ə̯).kuˈlɑː.də/
2015	partykeer	sometimes, occasionally	/pɐrˈtɛɪkiər/
2016	kattekwaad	mischief, naughtiness, pranks, shenanigans	/ˈkɐtəˌkwɑːt/
2017	uitgawe	edition, e.g. of a publication	/ˈœi̯tˌχɑː.və/
2018	lesers	reader	/ˈliəsərs/
2019	verse	A verse, a stanza	/ˈfæːrsə/
2020	manuskrip	manuscript	/ˌmɐnysˈkrəp/
2021	wysig	to edit, change, modify	/ˈvɛɪsəx/
2022	sirkels	circle	/ˈsərkəls/
2023	voorbeelde	example	/ˈfʊərbiəldə/
2024	volke	people	/ˈfɔlkə/
2025	steenkool	coal	/ˈstɪə̯n.kʊə̯l/
2026	lugmag	air force	/ˈlœxmɐx/
2027	mou	sleeve	/mœu̯/
2028	muise	A mouse	/ˈmøysə/
2029	fisant	pheasant, bird of the family Phasianidae	/fiˈsant/
2030	afwesig	absent	/a(f)ˈvɪə̯.səχ/
2031	vloeistof	liquid	/ˈfluistɔf/
2032	oorsprong	origin	/ˈʊərsprɔŋ/
2033	spyker	nail	/ˈspəi̯.kər/
2034	linte	A ribbon, band, tape	/ˈləntə/
2035	pille	A pill	/ˈpələ/
2036	huisie	A house, residence	/ˈhøysi/
2037	insigte	insight, understanding	/ˈənsəxtə/
2038	seuntjies	small boy	/ˈsøəiŋˌcis/
2039	loopgrawe	trench	/ˈlʊəpxrɑːvə/
2040	fonteine	fountain	/fɔnˈtɛɪnə/
2041	inwoner	inhabitant	/ˈənˌvʊə.nər/
2042	stokke	stick, whether natural or artificial	/ˈstɔkə/
2043	entjie	cigarette	/ˈɛŋ.ki/
2044	noord	north	[nʊərt]
2045	bouers	builder; construction worker	/ˈbəʊərs/
2046	geure	A scent, smell, odour, odor	/ˈxøərə/
2047	hoeke	corner	/ˈhukə/
2048	spelers	player	/ˈspiələrs/
2049	aanskakel	to switch on, to turn on	/ˈɑːnskɑːkəl/
2050	gevaarlikste	dangerous	/xəˈfɑːrləkstə/
2051	veras	to cremate, to incinerate	/fərˈas/
2052	gange	a passageway, alley	/ˈxɐŋə/
2053	brussels	Of, from or pertaining to Brussels	/ˈbrœsəls/
2054	syfer	digit, numeral	/ˈsəi.fər/
2055	neute	nut	/ˈnøətə/
2056	redakteur	editor	/rədɐkˈtøər/
2057	oseane	ocean	/ʊəʃiˈɑːnə/
2058	vulkane	volcano	/fœlˈkɑːnə/
2059	rower	robber, bandit	/ˈrʊə̯.vər/
2060	gestudeer	to study	/xəstyˈdiər/
2061	adder	viper, adder	/ˈadər/
2062	projek	project	/pruˈjɛk/
2063	lint	A ribbon, band, tape	/lənt/
2064	luiperd	leopard	/ˈløypərt/
2065	wolk	cloud	/vɔlk/
2066	base	boss	/ˈbɑːsə/
2067	ertjies	pea	/ˈærcis/
2068	bone	bean	/ˈbʊənə/
2069	brandewyn	brandy	/ˈbrɐndəˌvɛɪn/
2070	vlakte	Flatness, levelness	/ˈflak.tə/
2071	hoofde	head	/ˈhʊəfdə/
2072	beddens	bed	/ˈbɛdəns/
2073	mikroskoop	A microscope	/ˌmi.krʊə̯ˈskʊə̯p/
2074	luitenant-kolonel	lieutenant-colonel	/løytəˈnɐntˌkɔləˈnæl/
2075	opname	The act of absorbing or assimilating, uptake, absorption	/ˈɔpˌnɑː.mə/
2076	krappe	crab	/ˈkrɐpə/
2077	maats	mate, buddy	/ˈmɑːts/
2078	papegaai	a parrot	/pɐpəˈxɑɪ/
2079	bekers	cup, beaker	/ˈbiəkərs/
2080	swerm	swarm	/ˈswærəm/
2081	parfuum	perfume	/pɐrˈfym/
2082	bieg	confession of sin to a priest	/ˈbiχ/
2083	suig	to suck	/sœiχ/
2084	intiem	intimate, personal	/ənˈtim/
2085	verpleegsters	nurse	/fərˈpliəxstərs/
2086	verwaarloos	to neglect	/fərˈvɑːr.lʊə̯s/
2087	bobbejaan	baboon	/ˌbɔ.bəˈjɑːn/
2088	rokkie	A dress	/ˈrɔki/
2089	sosiaal	social	/suʃiˈɑːl/
2090	hongersnood	famine	/ˈɦɔ.ŋərsˌnʊə̯t/
2091	swyn	A swine, boar, hog	/swəi̯n/
2092	fabrieke	factory	/fɐˈbrikə/
2093	vlam	flame	/flam/
2094	groepe	group	/ˈxrupə/
2095	edel	noble	/ˈiə̯dəl/
2096	massa	mass	/ˈma.sa/
2097	versin	to make up, to invent	/fərˈsən/
2098	booswig	wicked person, felon	/ˈbʊəsvəx/
2099	kollektiewe	collective noun	/kulɛkˈtivə/
2100	towenaar	wizard	/ˈtʊəvəˌnɑːr/
2101	gelowiges	A believer	/xəˈlʊəvəxəs/
2102	griekse	Greek; Grecian	/ˈxriksə/
2103	orgasme	orgasm	/ɔrˈɣasmə/
2104	oue	old, aged	/ˈœʊ̯ə/
2105	vampier	A vampire	/ˈfɐmpiːr/
2106	tsaar	tsar, tzar, czar	/t͡sɑːr/
2107	beampte	official, civil servant	/bəˈʔɐmptə/
2108	werkersklas	working class	/ˈvɛr.kərˌklas/
2109	museum	museum	/myˈsøəm/
2110	bot	sprout, bud	/bɔt/
2111	kalender	calendar	/kɐˈlɛndər/
2112	middae	An afternoon	/ˈmədɑː/
2113	bybel	bible	/ˈbəi̯.bəl/
2114	oorlewendes	survivor, someone who has survived	/ʊərˈliəvəndəs/
2115	projekte	project	/pruˈjɛktə/
2116	dou	dew	/ˈdəʊ/
2117	skuur	barn, shed	[skyr]
2118	huwelike	marriage, matrimony	/ˈhyvələkə/
2119	diensplig	conscription	/ˈdinspləx/
2120	eetlus	appetite, desire or eagerness to eat	/ˈiətlœs/
2121	waens	wagon	/ˈvɑː.əns/
2122	skoenlapper	butterfly	/ˈskunˌla.pɛr/
2123	verwysing	reference	/fərˈʋəi̯.səŋ/
2124	ringe	ring, hollow circular object	/ˈrəŋə/
2125	negentien	nineteen	/ˈniəxənˌtin/
2126	vertrekke	departure	/fərˈtrækə/
2127	bliksem	damnit!	/ˈblək.səm/
2128	kitare	guitar	/kiˈtɑːrə/
2129	kurk	cork	/kœrk/
2130	pion	pawn; least valuable piece in chess	/piˈjɔn/
2131	put	well; pit	/ˈpœt/
2132	bye	bee	/ˈbɛɪə/
2133	seks	sex	/ˈsɛks/
2134	parlement	parliament	/pɐrləˈmɛnt/
2135	l	L	/ˈæl/
2136	juk	yoke	/ˈjœk/
2137	vasteland	continent; mainland	/ˈfɐstəˌlɐnt/
2138	bruin	brown	/ˈbrøyn/
2139	moerasse	swamp, morass	/muˈrɐsə/
2140	verskonings	a pardon; forgiveness	/fərsˈkʊənəŋs/
2141	engelsman	Englishman	/ˈɛŋəlsˌmɐn/
2142	versies	version	/ˈfæːrsis/
2143	magte	might; power	/ˈmɐxtə/
2144	gehore	hearing	/xəˈhʊərə/
2145	lekkerste	having a nice taste, tasty, good, delicious	/ˈlækərstə/
2146	koring	wheat	/ˈkʊərəŋ/
2147	dieptes	depth	/ˈdiptəs/
2148	boelies	bully	/ˈbulis/
2149	pote	paw	/ˈpʊətə/
2150	oorslaan	to skip	/ˈʊərˌslaːn/
2151	ruïne	ruin	/ryˈinə/
2152	jongste	young	/ˈjɔŋstə/
2153	vodde	tatters, duds	/ˈfɔdə/
2154	blad	page	[blɐt]
2155	oond	oven	/ʊə̯nt/
2156	blommetjie	flower	/ˈblɔmiˌci/
2157	ik	alternative form of ek	/ək/
2158	buik	abdomen, belly, stomach, paunch	/ˈbøyk/
2159	swembad	A swimming pool	/ˈsvɛm.bat/
2160	mog	may, might	/mɔχ/
2161	chirurg	surgeon	/ʃiˈrərχ/
2162	skewe	skew, crooked, slanting, lopsided	/ˈskiəvə/
2163	skatkis	treasure chest	/ˈskɐtkəs/
2164	rots	rock	/ˈrɔts/
2165	kollig	spotlight, limelight	/ˈkɔləx/
2166	nou-nou	now-now, in a moment, soon	/ˈnəʊˈnəʊ/
2167	ritme	rhythm, beat	/ˈrət.mə/
2168	immigrasie	immigration	/əməˈxrɑːsi/
2169	boelie	bully	/ˈbu.li/
2170	takbokke	A deer	/ˈtɐkbɔkə/
2171	verwant	related	/fərˈvɑnt/
2172	boekie	small book, booklet	/buki/
2173	rib	rib	/ˈrəp/
2174	rigtings	direction	/ˈrəxtəŋs/
2175	handjie	A hand	/ˈhɑnci ~ ˈhɑi̯ŋki/
2176	fel	fiercely, ferociously	/fɛl/
2177	ambulans	ambulance	/ɐmbyˈlɑ̃ns/
2178	skottel	dish	/ˈskɔ.təl/
2179	funksies	function, purpose	/ˈfœŋksis/
2180	sloep	A small boat with oars, a mast or an engine, often carried…	/slup/
2181	vliegdekskip	aircraft carrier	/ˈflixdɛksˌkəp/
2182	waan	delusion	/ˈvɑːn/
2183	gerug	rumor	/χəˈrœχ/
2184	vliegtuie	aeroplane, aircraft	/ˈflixtøyə/
2185	deense	Danish	/ˈdiənsə/
2186	buurvrou	neighbour	/ˈbyr.frœu̯/
2187	tiete	tit, booby, breast	/ˈtitə/
2188	kwade	evil	/ˈkwɑːdə/
2189	gaatjie	hole; perforation	/ˈxɑɪci/
2190	room	cream	/rʊə̯m/
2191	skyf	slice	/skəif/
2192	familielid	family member, relative	/fɐˈmiliˌlət/
2193	plase	farm; a piece of land, usually used for farming	/ˈplɑːsə/
2194	versaak	to renounce, to abandon	/fərˈsɑːk/
2195	muggies	plural of muggie	/ˈmœxis/
2196	eggenote	husband, male spouse	/ˈɛχəˌnuə̯tə/
2197	onderluitenant	sub-lieutenant in the navy, equivalent to the United States…	/ˈɔnərløytəˌnɐnt/
2198	vonk	spark	/fɔŋk/
2199	fantasie	fantasy	/fan.taˈsi/
2200	groottoon	big toe	/χrʊət.tʊən/
2201	uitgewer	publisher	/ˈøytxiəvər/
2202	afskakel	to switch off, to turn off, to disable	/ˈɐfsˌkɑːkəl/
2203	rustyd	break, interval	/ˈrœstɛɪt/
2204	fraksie	fracture	/ˈfrɐksi/
2205	reeks	A series, a sequence	/rɪə̯ks/
2206	sandstorm	sandstorm	/ˈsɐntstɔrəm/
2207	inkruip	to creep in	/ˈəŋkrøyp/
2208	uie	onion	/ˈøyə/
2209	aarbeie	strawberry	/ˈɑːrbɛɪə/
2210	sonsondergang	sunset	/ˈsɔnsɔnərˌxɐŋ/
2211	sog	sow	/sɔχ/
2212	snoek	snoek, mackerel, Thyrsites atun	/snuk/
2213	pels	A fur, the fur coat of certain mammals	/pɛls/
2214	tydsberekening	timing	/ˈtɛɪtsbəˌriəkənəŋ/
2215	k	K	/ˈkɑː/
2216	gelowig	believing, faithful	/χəˈlʊə̯.vəχ/
2217	hoofsaaklik	mainly	/ˈɦʊə̯fˌsɑːk.lək/
2218	sambreel	umbrella	/samˈbrɪəl/
2219	glasie	glass	/ˈxlɑːsi/
2220	vlae	flag	/ˈflɑː/
2221	jakkalse	jackal	/ˈjɐkɐlsə/
2222	planete	planet, major satellite of a star	/plɐˈniətə/
2223	verkenner	A scout	/fərˈkɛ.nər/
2224	bees	cow, ox	/bɪəs/
2225	seëvier	to triumph	/ˈsiə̯.fir/
2226	beskermengel	guardian angel	/bəsˈkærmɛŋəl/
2227	meel	flour	/ˈmiəl/
2228	doeke	cloth, fabric	/ˈdu.kə/
2229	nabyheid	proximity	/nɑːˈbɛɪhɛɪt/
2230	patroon	pattern or example from which a copy is made	/pɐˈtrʊən/
2231	pap	porridge	/pap/
2232	neutraal	neutral	/nɪøˈtrɑːl/
2233	kussings	A pillow, a cushion	/ˈkœsəŋs/
2234	bote	boat	/ˈbʊə.tə/
2235	aktiveer	to activate, put into action	/ˌɐktiˈfiər/
2236	ieder	everyone; everybody	/ˈidər/
2237	uitstallings	exhibition	/ˈøytsˌtɐləŋs/
2238	vlieëniers	pilot	/fliəˈniːrs/
2239	blanke	a white person, someone with a light skin colour	/ˈblaŋ.kə/
2240	eggo	echo; reverberation	/ˈæxu/
2241	diewe	A thief	/ˈdivə/
2242	duikboot	submarine	/ˈdœi̯k.bʊə̯t/
2243	heiden	pagan, heathen, person who does not follow an Abrahamic…	/ˈhɛɪdən/
2244	oormôre	the day after tomorrow	/uə̯rˈmɔːrə/
2245	pool	Pole	/ˈpʊəl/
2246	regerings	government	/rəˈxiərəŋs/
2247	onderbroek	undershorts, underpants, pants	/ˈɔnərˌbruk/
2248	t-hemp	T-shirt	/ˈtiəˈhɛmp/
2249	aktetas	briefcase	/ˈɐktəˌtɐs/
2250	sakemanne	A businessman	/ˈsɑːkəˌmɐnə/
2251	slaaf	slave	/slɑːf/
2252	ekonomie	economy	/ɛˌkunuˈmi/
2253	kerke	church	/ˈkærkə/
2254	opdaag	to show up, to appear	/ˈɔp.dɑːχ/
2255	koppies	cup	/ˈkɔpis/
2256	klem	to clamp, to squeeze	/klɛm/
2257	toestel	device, appliance	/ˈtu.stɛl/
2258	skrif	writing, script	/skrəf/
2259	doodsberig	alternative form of doodberig	/ˈdʊətsbərəx/
2260	distrik	district	/dəsˈtrək/
2261	seep	soap	/sɪəp/
2262	slang	snake; serpent	[slaŋ]
2263	paal	post, pole, beam	/pɑːl/
2264	boks	box	/ˈbɔks/
2265	reier	heron, waterbird of the family Ardeidae	/ˈrəi̯ər/
2266	nasies	nation	/ˈnɑːsis/
2267	handlanger	assistant, helper	/ˈhɐntlɐŋər/
2268	oorloë	war	/ˈʊərluːə/
2269	skaap	sheep	/skɑːp/
2270	ingewande	guts	/ˈənxəˌvɐndə/
2271	buro	desk	/byˈrʊə̯/
2272	oues	old, aged	/ˈœʊ̯əs/
2273	speler	player	/ˈspiələr/
2274	syfers	digit, numeral	/ˈsɛɪfərs/
2275	getal	A number	/xəˈtɐl/
2276	portrette	portrait	/pɔrˈtrɛtə/
2277	kaap	cape, headland	/ˈkɑːp/
2278	buit	The booty, spoils	/bœi̯t/
2279	raap	turnip	/rɑːp/
2280	boogskutters	archer; someone who shoots an arrow from a bow	/ˈbʊəxskœtərs/
2281	wantroue	suspicion, distrust	/ˈvanˌtrœu̯.ə/
2282	kreef	lobster	/ˈkriəf/
2283	oomblikke	moment, blink of an eye	/ˈʊəmbləkə/
2284	doos	box	/ˈdʊəs/
2285	elf	eleven	/ɛlf/
2286	verbintenis	union, partnership	/fərˈbəntəˌnəs/
2287	nasie	nation	/ˈnɑː.si/
2288	baar	to give birth to; to bear	[bɑːɾ]
2289	potlood	pencil	/ˈpɔtlʊət/
2290	swaaie	swing	/ˈswɑɪə/
2291	handdoek	A towel, a cloth used for drying one's hands	/ˈhɐnduk/
2292	kommissie	committee	/kuˈmisi/
2293	maaltye	meal, mealtime	/ˈmɑːltɛɪə/
2294	wortels	root	/ˈvɔrtəls/
2295	aande	evening	/ˈɑːndə/
2296	er	The name of the Latin script letter R/r	/æːr/
2297	toonbank	counter, a furniture surface on which wares are put and…	/ˈtʊə̯n.baŋk/
2298	biskoppe	bishop; high-ranking priest of the Roman-Catholic and…	/ˈbəskɔpə/
2299	ruimtetuig	spacecraft, spaceship	/ˈrøymtəˌtøyx/
2300	bedoeling	intention	/bəˈdu.ləŋ/
2301	positiewe	positive	/ˌpʊəsəˈtivə/
2302	seisoene	season, time of year	/sɛɪˈsunə/
2303	h	H	/ˈhɑː/
2304	wetstoepassers	law enforcer	/ˈvɛtstuˌpɐsərs/
2305	kortsigtig	shortsighted, blinkered	/ˌkɔrtˈsəχ.təχ/
2306	verskeep	to ship	/fərˈskɪə̯p/
2307	spreekwoord	proverb, saying	/ˈspriəkvʊərt/
2308	dader	perpetrator	/ˈdɑːdər/
2309	tegnieke	technique, technical skill	/tæxˈnikə/
2310	gedigte	poem	/xəˈdəxtə/
2311	koerantjie	newspaper	/kuˈraɪŋci/
2312	soe	alternative form of so	/su/
2313	straatlig	streetlight	/ˈstrɑːtləx/
2314	voorarm	forearm	/ˈfʊərɐrəm/
2315	g	G	/ˈxiə/
2316	lysie	list, record	/ˈlɛɪsi/
2317	eilandjie	island	/ˈɛɪlaɪŋˌci/
2318	elektrisiëns	electrician	/iˌlɛktriʃiˈɛns/
2319	bewind	rule, reign	/bəˈvənt/
2320	muurprop	wall socket	/ˈmyrprɔp/
2321	daarnatoe	to there	/ˌdɑːr.naˈtu/
2322	moffie	mitten	/ˈmɔfi/
2323	seewater	seawater	/ˈsɪə̯ˌvɑː.tər/
2324	pens	gut	/ˈpɛns/
2325	perdeby	wasp	/ˈpæːrdəˌbɛɪ/
2326	kandidate	candidate	/kɐniˈdɑːtə/
2327	metafoor	metaphor	/ˌmɪə̯.taˈfʊə̯r/
2328	aandrok	evening gown, evening dress	/ɑːnt.rɔk/
2329	noorweër	Norwegian	/ˈnʊərviər/
2330	landsgrense	national border, border of a country	/ˈlɐntsxrẽnsə/
2331	sware	heavy	/ˈswɑːrə/
2332	nuusberig	news report; news article	/ˈnysbərəx/
2333	finse	Finnish	/ˈfənsə/
2334	gerief	amenity, comfort	/xəˈrif/
2335	baadjies	jacket	/ˈbɑɪcis/
2336	jassie	coat	/ˈjɐsi/
2337	gehaat	to hate	/xəˈhɑːt/
2338	burgerlike	civil	/ˈbœrɡərləkə/
2339	kam	comb	/ˈkɐm/
2340	plantasie	plantation	/plɐnˈtɑːsi/
2341	oubaas	an old master	/ˈəʊbɑːs/
2342	honne	dog	/ˈhɔnə/
2343	weskus	West coast	/ˈvɛskœs/
2344	vuurwapen	firearm	/ˈfyrvɑːpən/
2345	situasies	situation	/ˌsətʃuˈɑːsis/
2346	raserny	rage, fury	/ˌrɑː.sərˈnəi̯/
2347	kantore	office	/kɐnˈtʊərə/
2348	paspoorte	passport	/ˈpɐspʊərtə/
2349	deelname	participation	/ˈdɪə̯lˌnɑː.mə/
2350	mus	soft brimless hat, tuque	/mœs/
2351	vryf	to rub	/ˈfrɛɪf/
2352	sakgeld	pocket money	/ˈsɐkxælt/
2353	an	alternative form of aan	/an/
2354	halssnoer	necklace	/ˈhɐlsnuːr/
2355	hase	hare, rabbit	/ˈhɑːsə/
2356	kommuniste	communist	/ˌkɔmyˈnəstə/
2357	skilpad	turtle, tortoise	/ˈskəlpɐt/
2358	skoolmaat	A schoolmate	/ˈskʊə̯l.mɑːt/
2359	akkedisse	lizard	/ɐkəˈdəsə/
2360	kak	to shit	/kak/
2361	omgang	contact, interaction, intercourse	/ˈɔm.χaŋ/
2362	blaker	low candle holder or candelabrum, usually with a flat foot	/ˈblɑː.kər/
2363	doringdraad	barbed wire	/ˈdʊərəŋˌdrɑːt/
2364	kleremakers	tailor	/ˈkliərəˌmɑːkərs/
2365	os	ox	/ˈɔs/
2366	dy	thigh	[də̟i̯]
2367	versie	A verse, a stanza	/ˈfɛr.si/
2368	werkplek	workplace	/ˈværkplæk/
2369	beet	beetroot	/biə̯t/
2370	skrikkeljare	leap year	/ˈskrəkəlˌjɑːrə/
2371	turk	Turk	/ˈtœrk/
2372	veldslag	A battle on open land	/ˈfɛlt.slaχ/
2373	brigadier	Most senior field officer rank, similar usage to the…	/brəˈxɑːdiːr/
2374	aanmatiging	arrogance	/ˈɑːˌmɑːtə.χəŋ/
2375	afwesige	absent	/ɐfˈviəsəxə/
2376	spieëls	mirror	/spiːls/
2377	struikelblokke	A stumbling block	/ˈstrøykəlˌblɔkə/
2378	olifant	elephant	/ˈʊə̯.liˌfant/
2379	tekeninge	drawing	/ˈtiəkənəŋə/
2380	ertjie	pea	/ˈɛrki/
2381	godinne	goddess	/xʊəˈdənə/
2382	orgaan	organ	/ɔrˈχɑːn/
2383	waterval	waterfall	/ˈvɑː.tərˌfal/
2384	besigheidsman	businessman	/ˈbiəsəxˌhɛɪtsmɐn/
2385	skadus	alternative form of skaduwee	/ˈskɑːdys/
2386	konsentrasiekampe	A concentration camp	/kɔnsənˈtrɑːsiˌkɐmpə/
2387	sfeer	sphere, orb, round object	/ˈsfiər/
2388	ryke	rich, wealthy	/ˈrɛɪkə/
2389	konsepte	concept	/kɔnˈsɛptə/
2390	denkende	to think	/ˈdɛŋkəndə/
2391	dokke	dock	/ˈdɔkə/
2392	meul	alternative form of meule	/mɪøl/
2393	tonge	tongue	/ˈtɔŋə/
2394	handlangers	assistant, helper	/ˈhɐntlɐŋərs/
2395	reukwater	perfume, especially for women	/ˈrøəkvɑːtər/
2396	aalmoes	alms, charity	/ˈɑːl.mus/
2397	holte	A foothold	/ˈɦɔl.tə/
2398	sonop	dawn	/ˈsɔnɔp/
2399	buk	to crouch, to duck	/bœk/
2400	moer	nut: female screw, which fits on a bolt	[muːr]
2401	karkasse	a carcass	/ˈkɐrkɐsə/
2402	stroop	syrup, especially a viscous type of syrup	/struəp/
2403	leefstyl	lifestyle	/ˈliəfstɛɪl/
2404	liefdesbriewe	love letter	/ˈlifdəsˌbrivə/
2405	oopkry	to get open; to open something up	/ˈʊəpkrɛɪ/
2406	slange	snake; serpent	/ˈslɐŋə/
2407	karkas	a carcass	/ˈkɐrkɐs/
2408	manuskripte	manuscript	/ˌmɐnysˈkrəptə/
2409	gaas	gauze	/χɑːs/
2410	verbintenisse	union, partnership	/fərˈbəntəˌnəssə/
2411	rokkies	plural of rokkie	/ˈrɔkis/
2412	grasieus	elegant, graceful	/ˌχra.siˈɪøs/
2413	kroatiese	Croatian	/ˈkrʊəɑːˌtisə/
2414	ogies	plural of ogie	/ˈʊəxis/
2415	wildekalkoen	southern bald ibis	/ˈvəldəkɐlˌkun/
2416	monarge	monarch	/mʊəˈnɐrɡə/
2417	kraai	crow	/krɑːi/
2418	monarg	monarch	/mʊəˈnɐrx/
2419	rif	reef	/ˈrəf/
2420	magie	stomach	/ˈmɑː.χi/
2421	niere	kidney	/ˈniːrə/
2422	skinder	gossip	/ˈskəndər/
2423	brilletjie	A pair of glasses	/ˈbrəliˌci/
2424	fouteer	to err, to make a mistake	/fœuˈtɪə̯r/
2425	dwergie	dwarf	/ˈdwærxi/
2426	stok	stick, whether natural or artificial	/stɔk/
2427	boswerker	lumberjack, woodcutter	/ˈbɔsˌvɛr.kər/
2428	verhoognaam	stage name	/fərˈɦʊə̯χˌnɑːm/
2429	gronde	ground, dirt, soil	/ˈxrɔːndə/
2430	skottelgoed	the dishes	/ˈskɔ.təlˌχut/
2431	ketel	kettle, cauldron	/ˈkɪə̯.təl/
2432	doringbome	thorn tree, acacia	/ˈdʊərəŋˌbʊəmə/
2433	balletjie	A ball	/ˈbɐliˌci/
2434	musiekinstrument	musical instrument	/mœˌsikənstryˈmɛnt/
2435	swel	to swell	/ˈswæl/
2436	renoster	rhinoceros	/rəˈnɔstər/
2437	beef	alternative form of bewe	/ˈbiəf/
2438	koninginne	queen	/kʊənəˈŋənə/
2439	wildsbok	antelope	/ˈvəltsbɔk/
2440	walvisse	whale	/ˈvɐlfəsə/
2441	paling	eel	/ˈpɑː.ləŋ/
2442	reus	giant	/rɪøs/
2443	kroaties	Croatian	/ˈkrʊəɑːˌtis/
2444	duine	A dune	/ˈdøynə/
2445	infeksie	infection	/ənˈfɛksi/
2446	dakke	roof	/ˈdɐkə/
2447	regterkant	right-hand side	/ˈræxtərˌkɐnt/
2448	treffer	A hit, a popular piece of music	/ˈtrɛfər/
2449	handskoen	glove	/ˈɦant.skun/
2450	hael	hail	/hɑːl/
2451	fantasieë	fantasy	/fɐntɐˈsiːə/
2452	oueres	old, aged	[ˈœʊ̯ərəs]
2453	nael	nail	/ˈnɑːəl/
2454	volkslied	national anthem	/ˈfɔlks.lit/
2455	tydig	timely, betimes	/ˈtɛɪdəx/
2456	slank	slender, slim	/slaŋk/
2457	boogskutter	archer; someone who shoots an arrow from a bow	/ˈbʊə̯χˌskœ.tər/
2458	onwaardig	unworthy	/ɔnˈvɑːr.dəχ/
2459	piesangs	banana	/ˈpisɐŋs/
2460	sigeuner	gipsy	/səˈxøənər/
2461	maaltyd	meal, mealtime	/ˈmɑːltɛɪt/
2462	negatief	negative	/ˌniəxɐˈtif/
2463	versleg	to worsen, to deteriorate	/fərˈslɛχ/
2464	titels	title	/ˈtitəls/
2465	vure	fire, flame	/ˈfyrə/
2466	boertjie	A Boer; an Afrikaner, especially an inhabitant or…	/ˈbuːrci/
2467	eekhoring	squirrel	/ˈiəkhʊərəŋ/
2468	swangerskap	pregnancy	/ˈswɐŋərsˌkɐp/
2469	dansers	dancer	/ˈdɑ̃nsərs/
2470	persoonlikheid	personality	/pərˈsʊə̯n.lək.ɦəi̯t/
2471	viole	a violin	/fiˈʊələ/
2472	konsep	concept	/kɔnˈsɛp/
2473	monnik	monk	/ˈmɔ.nək/
2474	eindes	end	/ˈɛɪndəs/
2475	druif	grape	/ˈdrøyf/
2476	keisers	emperor	/ˈkɛɪzərs/
2477	vlinder	butterfly	/ˈflən.dər/
2478	wyne	wine	/ˈvɛɪnə/
2479	stewig	solid, firm	/ˈstiəvəx/
2480	skandelik	disgraceful, scandalous	/ˈskan.də.lək/
2481	voetstappe	footstep	/ˈfutstɐpə/
2482	ruit	The shape rhombus, an equilateral parallelogram	/rœi̯t/
2483	grieke	Greek	/ˈxrikə/
2484	jodium	iodine	/ˈjʊədiˌœm/
2485	entoesiasme	enthusiasm	/ɛntusiˈɐsmə/
2486	padda	frog, toad	/ˈpa.da/
2487	voedsaam	nutritious, nourishing	/ˈfut.sɑːm/
2488	draad	wire	/drɑːt/
2489	gewild	popular	/xəˈvəlt/
2490	stokperdjie	hobby	/ˈstɔkpærˌci/
2491	rugsakke	A backpack, a rucksack	/ˈrœxsɐkə/
2492	broekies	plural of broekie	/ˈbrukis/
2493	dubbelkamer	double room	/ˈdœbəlˌkɑːmər/
2494	ounooi	old lady	/ˈœu.noːi̯/
2495	gatte	hole; perforation	/ˈxɐtə/
2496	rusies	A quarrel, a row, an argument	/ˈrysis/
2497	vreet	stuff oneself, eat like a pig	/frɪət/
2498	wantrouig	suspicious, distrustful	/ˌvanˈtrœu̯.əχ/
2499	polisiekantoor	A police station, a police office	/pʊə̯ˈli.si.kanˌtʊə̯r/
2500	visser	A fisher, a fisherman or fisherwoman	/ˈfə.sər/
2501	doodgeskiet	shoot dead	/ˈdʊətxəsˌkit/
2502	ui	onion	/œi̯/
2503	asempie	breath	/ˈɑːsəmˌpi/
2504	huisies	plural of huisie	/ˈhøysis/
2505	kwaste	brush	/ˈkwɐstə/
2506	violet	violet-coloured	/fiuˈlɛt/
2507	chloor	chlorine	/ˈklʊər/
2508	magies	magical, enchanting	/ˈmɑː.χis/
2509	bietjies	a little bit, a few	/ˈbicis/
2510	haardroër	hairdryer	/ˈhɑːrdruːər/
2511	kaalkop	baldie, bald man	/ˈkɑːlkɔp/
2512	reëntjie	rain	/ˈriəŋci/
2513	yskas	refrigerator	/ˈɛɪskɐs/
2514	webwerf	website	/ˈvɛbværf/
2515	klimaatverandering	climate change	/kləˈmɑːtfəˌrɐndərəŋ/
2516	vore	furrow	/ˈfʊərə/
2517	rampokker	An armed robber, a gangster	/ˌramˈpɔ.kər/
2518	eland	common eland, eland antilope	/ˈɪə̯.lant/
2519	ouds	old, aged	/ˈœʊ̯ts/
2520	sondaars	A sinner	/ˈsɔndɑːrs/
2521	apart	separate	/aˈpart/
2522	wortel	root	/ˈvɔrtəl/
2523	volmaan	full moon	/ˈfɔlmɑːn/
2524	moeras	swamp, morass	/muˈras/
2525	granate	grenade	/xrəˈnɑːtə/
2526	gesiggie	face	/xəˈsəxi/
2527	veertig	forty	/ˈfɪə̯r.təχ/
2528	breuk	fracture, break	/brɪøk/
2529	myn	mine	/ˈmɛɪn/
2530	meisietjie	girl	/ˈmɛɪsiˌci/
2531	voorgereg	starter, first course	/ˈfoːr.χəˌrɛχ/
2532	leunstoel	armchair, easy chair	/lɪøn.stul/
2533	fisante	pheasant, bird of the family Phasianidae	/fiˈsɐntə/
2534	reënboog	rainbow	/ˈriənbʊəx/
2535	aanhê	to wear	/ˈɑːnheː/
2536	winskopies	plural of winskopie	/ˈvənskʊəˌpis/
2537	katte	cat	/ˈkɐtə/
2538	bakker	baker	/ˈbɐkər/
2539	planke	A plank	/ˈplɐŋkə/
2540	vektore	vector	/ˈfɛktʊərə/
2541	naald	pin	/nɑːlt/
2542	naaier	sewer	/ˈnɑɪər/
2543	lughawens	airport	/ˈlœxhɑːvəns/
2544	apteek	pharmacy; chemist	/ɐpˈtiək/
2545	bylae	supplement; appendix	/ˈbɛɪlɑː/
2546	baai	bay	/bɑːi̯/
2547	vegvliegtuie	fighter plane	/ˈfæxflixˌtøyə/
2548	oumagrootjie	great-grandmother	/ˌəʊmɐˈxrʊɪci/
2549	skrywende	To write	/ˈskrɛɪvəndə/
2550	jaartjies	plural of jaartjie	/ˈjɑːrcis/
2551	effekte	effect	/iˈfɛktə/
2552	vierkant	square	/ˈfiːrkɐnt/
2553	sterte	tail	/ˈstærtə/
2554	feeks	shrew, bitch	/fɪə̯ks/
2555	matras	A mattress	/maˈtras/
2556	stoep	stoep, stoop, raised platform or veranda in front of a house	/stup/
2557	kampioenskap	championship	/kɐmpiˈunskɐp/
2558	vlugte	flight, escape	/ˈflœxtə/
2559	rym	A rhyme	/rəi̯m/
2560	winkeltjie	A shop	/ˈvəŋkəlˌci/
2561	pannekoek	pancake	/ˈpɐnəˌkuk/
2562	onnie	teacher; a person who teaches	/ˈɔni/
2563	boor	drill	/bʊər/
2564	impak	impact	/əm.pak/
2565	kalium	potassium	/kɐˈliœm/
2566	strande	beach	/ˈstrɐndə/
2567	palmbome	palm tree	/ˈpɐləmbʊəmə/
2568	afsonderlik	separate	/ɐfˈsɔnərˌlək/
2569	eend	duck	/ɪə̯nt/
2570	oorledene	A deceased person	/ˌʊə̯rˈlɪə̯.də.nə/
2571	neste	nest, structure made out of twigs, mud, grass, etc	/ˈnɛstə/
2572	bolle	A sphere; a ball	/ˈbɔlə/
2573	bewegende	to move, to be in motion, to stir	/bəˈviəxəndə/
2574	fisika	physics	/ˈfisikɐ/
2575	lafhartig	cowardly, craven	/ˌlafˈɦar.təχ/
2576	slaapkamers	bedroom	/ˈslɑːpkɑːmərs/
2577	gehuggie	hamlet, tiny settlement	/xəˈhœxi/
2578	servette	napkin, serviette	/sərˈfɛtə/
2579	miere	ant	/ˈmiːrə/
2580	farmaseutiese	pharmaceutical	/fɐrmɐˈsøətisə/
2581	bokse	box	/ˈbɔksə/
2582	duime	thumb	/ˈdøymə/
2583	tromme	drum	/ˈtrɔmə/
2584	kalkoen	turkey, Meleagris gallopavo	/kalˈkun/
2585	wysiging	a change, an edit, a modification	/ˈvɛɪsəxəŋ/
2586	hulpbronne	resource	/ˈhœlpbrɔnə/
2587	halte	stop	/ˈhɐltə/
2588	filantroop	philanthropist	/ˌfilɐnˈtrʊəp/
2589	broederskap	brotherhood	/ˈbru.dərˌskap/
2590	kibboets	kibbutz	/kəˈbuts/
2591	verduister	to darken, to dim, to becloud, to befog	/fərˈdøystər/
2592	indiese	Indian	/ˈəndisə/
2593	toestelle	device, appliance	/ˈtustælə/
2594	missiele	A missile	/məˈsilə/
2595	boemelaar	A vagrant, a swagman	/ˈbu.məˌlɑːr/
2596	snik	to sob	/snək/
2597	aakligste	horrible	/ˈɑːkləxstə/
2598	lekkerte	pleasure, enjoyment	/ˈlækərtə/
2599	mondjie	mouth	/ˈmɔɪŋci/
2600	brander	breaker	/ˈbrɐndər/
2601	traantjie	tear, teardrop	/ˈtrɑɪŋci/
2602	luisteraar	listener	/ˈlœi̯.stəˌrɑːr/
2603	daglig	daylight	/ˈdɑχ.ləχ/
2604	loopgraaf	trench	/ˈlʊə̯pˌχrɑːf/
2605	goggas	bug, insect	/ˈxɔxɐs/
2606	asma	asthma	/ˈɐsmɑː/
2607	belydenisse	confession	/bəˈlɛɪdənəssə/
2608	verdagtes	suspect, defendant	/fərˈdɐxtəs/
2609	vragmotorbestuurder	truck driver	/ˈfrɐxmʊətərbəsˌtyːrdər/
2610	doodloopstraat	dead end	/ˈdʊətlʊəpstrɑːt/
2611	positief	positive	/ˌpʊə̯.siˈtif/
2612	aanvaller	attacker	/ˈɑːnfɐlər/
2613	vingernael	fingernail	/ˈfəŋərˌnɑːl/
2614	chemie	chemistry	/ˈxɛmi/
2615	skroef	screw	/skruf/
2616	kontrakte	contract	/kɔnˈtrɐktə/
2617	raadpleeg	to consult	/ˈrɑːt.plɪə̯χ/
2618	bedryfstelsel	operating system	/bəˈdrɛɪfstælsəl/
2619	swaartekrag	gravity	/ˈsvɑːr.təˌkraχ/
2620	muntstuk	coin	/ˈmœntstœk/
2621	uitgewers	publisher	/ˈøytxiəvərs/
2622	komeet	comet	/kʊə̯ˈmɪə̯t/
2623	komete	comet	/kuˈmiətə/
2624	kommunikeer	to communicate	/kɔ.my.niˈsɪə̯r/
2625	boeie	buoy	/ˈbuɪə/
2626	kripton	krypton	/ˈkrəptɔn/
2627	enjin	engine	/ˈɛnjən/
2628	siklusse	A cycle, a complete rotation	/ˈsiklœsə/
2629	spaarkamer	spare room, guest room	/ˈspɑːrkɑːmər/
2630	suurstof	oxygen	/ˈsyrstɔf/
2631	lone	wage	/ˈlʊənə/
2632	anker	anchor	/ˈaŋ.kər/
2633	broodrolletjie	bread roll, roll, bun	/ˈbrʊətrɔˌlici/
2634	lat	A slate, a lath	/lat/
2635	koninkryke	kingdom	/ˈkʊənəŋˌkrɛɪkə/
2636	moue	sleeve	/ˈməʊə/
2637	dorpe	town	/ˈdɔrpə/
2638	hawens	port, harbour	/ˈhɑːvəns/
2639	verdof	to dim, to become dull	/fərˈdɔf/
2640	rolstoel	wheelchair	/ˈrɔl.stul/
2641	politici	politician	/pʊəlitiˈsi/
2642	verkoue	cold	/fərˈkəʊə/
2643	aag	pooh	/ˈɑːχ/
2644	subtiel	subtle	/sœpˈtil/
2645	groepie	group	/ˈxrupi/
2646	voorgaan	to lead	/ˈfʊərxɑːn/
2647	korrup	corrupt	/kɔˈrœp/
2648	bloedsuiers	leech, bloodsucker	/ˈblutsøyərs/
2649	voëlvry	outlawed	/ˈfuːəlˌfrɛɪ/
2650	gal	The bodily fluid bile	/ˈxɐl/
2651	sloepe	A small boat with oars, a mast or an engine, often carried…	/ˈslupə/
2652	aandjie	evening	/ˈɑɪŋci/
2653	sewentien	seventeen	/ˈsiəvənˌtin/
2654	dimensies	dimension	/dəˈmɛnsis/
2655	seemag	navy	/ˈsiəmɐx/
2656	dyke	dike, levee	/ˈdɛɪkə/
2657	oorspoel	to engulf, to flood, to wash over	/ʊə̯rˈspul/
2658	orkeste	orchestra	/ɔrˈkɛstə/
2659	voertsek	get lost! go away!	/ˈfuːrtsæk/
2660	penis	penis	/ˈpiənəs/
2661	voorvader	ancestor, forefather	/ˈfʊərfɑːdər/
2662	orrel	organ	/ˈɔrəl/
2663	spierwit	white as a sheet, snow-white	/ˈspiːrvət/
2664	voorouers	ancestor	/ˈfʊərəʊərs/
2665	blaar	leaf	/blɑːr/
2666	hondjies	plural of hondjie	/ˈhɔɪŋcis/
2667	eergister	the day before yesterday	/ˈiərxəstər/
2668	entstof	vaccine	/ˈɛnt.stɔf/
2669	gars	barley	/χars/
2670	vrug	A fruit	/frœχ/
2671	sokkies	plural of sokkie	/ˈsɔkis/
2672	belge	Belgian	/ˈbælɡə/
2673	boep	potbelly, beer belly	/bup/
2674	doodsberigte	alternative form of doodberig	/ˈdʊətsbərəxtə/
2675	worsie	sausage	/ˈvɔːrsi/
2676	meetkunde	geometry	/ˈmɪə̯tˌkœn.də/
2677	faktor	factor	/ˈfɐktɔr/
2678	sussies	plural of sussie	/ˈsœsis/
2679	skroom	to fear, to be afraid	/ˈskrʊəm/
2680	fliek	movie, film	/flik/
2681	t-hemde	shirt	/ˈtiəˈhɛmdə/
2682	raaisel	riddle; puzzle	/ˈrɑɪsəl/
2683	vakmanne	craftsman	/ˈfɐkmɐnə/
2684	mor	to grumble, complain	/mɔr/
2685	ordentlikheid	propriety; respectability	/ɔrˈdɛntləkˌhɛɪt/
2686	andersyds	on the other hand	/ˈan.dərˌsəi̯ts/
2687	komberse	A blanket	/kɔmˈbæːrsə/
2688	noor	Norwegian	/ˈnʊər/
2689	duikers	diver	/ˈdøykərs/
2690	ontploffings	explosion	/ɔntˈplɔfəŋs/
2691	vyandig	hostile	/fəi̯ˈan.dəχ/
2692	reddingsbote	lifeboat	/ˈrɛdəŋsˌbʊətə/
2693	spoorlyn	A railway line	/ˈspʊə̯r.ləi̯n/
2694	meid	A domestic servant, usually non-white	/ˈmɛɪt/
2695	gewil	to want	/xəˈvəl/
2696	wêreldoorlog	world war	/ˈvæːrəlˌtʊərlɔx/
2697	skyfies	chips	/ˈskɛɪfis/
2698	neuse	nose	/ˈnøəsə/
2699	bestanddeel	ingredient	/bəˈstanˌdɪə̯l/
2700	skadelik	harmful, damaging, detrimental, pernicious, noisome	/ˈskɑːdələk/
2701	afgaande	to go down; descend	/ˈɐfˌxɑːndə/
2702	geklink	to sound	/xəˈkləŋk/
2703	voedsel	food	/ˈfut.səl/
2704	industrie	industry	/əndœsˈtri/
2705	brande	destructive, catastrophic fire	/ˈbrɐndə/
2706	beek	brook	/ˈbiək/
2707	tempels	temple	/ˈtɛmpəls/
2708	aartsengel	archangel	/ˈɑːrtsɛŋəl/
2709	besems	broom	/ˈbiəsəms/
2710	sôe	sow	/soːə/
2711	bundeltjie	bundle	/ˈbœndəlˌci/
2712	radioaktiewe	radioactive	/ˌrɑːdiuːɐkˈtivə/
2713	magistrate	A magistrate, judge	/mɐxisˈtrɑːtə/
2714	belastings	tax, levy	/bəˈlɐstəŋs/
2715	geitjie	gecko	/ˈχəi.ki/
2716	ruspes	caterpillar, butterfly larva	/ˈrœspəs/
2717	opgaan	to go up, to ascend, to rise	/ˈɔpˌxɑːn/
2718	nessie	nest, structure made out of twigs, mud, grass, etc	/ˈnɛsi/
2719	kluisenaars	A hermit	/ˈkløysəˌnɑːrs/
2720	radioaktiwiteit	radioactivity	/ˌrɑːdiuːˌɐktiviˈtɛɪt/
2721	lyste	list, record	/ləistə/
2722	gegryp	to grab	/xəˈxrɛɪp/
2723	laer	low	/lɑːr/
2724	iraniërs	Iranian	/iˈrɐniəiərs/
2725	laasnag	last night; yesterday evening	/ˈlɑːsnɐx/
2726	kameel	camel	/kaˈmɪə̯l/
2727	hekse	witch	/ˈhɛksə/
2728	pampoen	The pumpkin plant, Cucurbita pepo	/pamˈpun/
2729	ekstase	ecstasis, ecstasy	/ˌɛksˈtɑː.sə/
2730	landskappe	landscape	/ˈlɐntskɐpə/
2731	riet	reed	/rit/
2732	wasem	steam	/ˈvɑːsəm/
2733	knorrig	grumpy	/ˈknɔrəx/
2734	lood	lead	/lʊət/
2735	kloue	claw	/ˈkləʊə/
2736	holle	A hole, a hollow, a cavity	/ˈhɔlə/
2737	bedoelings	intention	/bəˈduləŋs/
2738	godin	goddess	/xʊəˈdən/
2739	straatvroue	A streetwalker	/ˈstrɑːtfrəʊə/
2740	parasiete	parasite	/ˌpɐrɐˈsitə/
2741	ondier	A vermin, a nasty or unwanted beast; a monster	/ˈɔn.dir/
2742	gevreet	the act of eating	/xəˈfriət/
2743	patrys	partridge	/pɐˈtrɛɪs/
2744	vlerk	wing	/flɛrk/
2745	minnares	female lover, mistress	/ˌmənɐˈrɛs/
2746	toenadering	an approach; the process of coming closer	/ˈtuˌnɑː.də.rəŋ/
2747	slavin	female slave	/ˈslɑː.vən/
2748	gyselaar	hostage	/ˈxɛɪsəˌlɑːr/
2749	hiernamaals	hereafter, afterwards	/hiːrˈnɑːmɑːls/
2750	kroket	croquet	/ˈkrʊəkɛt/
2751	kenne	chin	/ˈkɛnə/
2752	boemelaars	A vagrant, a swagman	/ˈbuməˌlɑːrs/
2753	v	V	/ˈfiə/
2754	japanese	misspelling of Japannees	/jɐpɑːˈniəsə/
2755	gaatjies	plural of gaatjie	/ˈxɑɪcis/
2756	seekat	octopus	/ˈsiəkɐt/
2757	koggelmander	agama	/ˈkɔxəlˌmɐndər/
2758	bloedsuier	leech, bloodsucker	/ˈblutsøyər/
2759	plank	A plank	/plaŋk/
2760	kweekhuis	greenhouse	/ˈkwiəkhøys/
2761	waatlemoene	watermelon	/ˈvɑːtləˌmunə/
2762	vonkelwyn	sparkling wine	/ˈfɔŋkəlˌvɛɪn/
2763	bokkie	goat	/ˈbɔki/
2764	kase	cheese	/ˈkɑːsə/
2765	mandjies	basket	/ˈmaɪŋcis/
2766	knaagdiere	rodent	/ˈknɑːxdiːrə/
2767	tonnels	A tunnel	/ˈtɔnəls/
2768	gekruip	to creep	/xəˈkrøyp/
2769	grondslag	foundation, basis	/ˈxrɔːntslɐx/
2770	kalenders	calendar	/kɐˈlɛndərs/
2771	menings	An opinion	/ˈmiənəŋs/
2772	nore	Norwegian	/ˈnʊərə/
2773	es	fireplace	/ˈiəs/
2774	pruim	A plum	/prœi̯m/
2775	bakkie	covered bowl, basin	/ˈba.ki/
2776	ruiker	A bouquet of flowers	/ˈrœi̯.kər/
2777	fiksie	fiction	/ˈfəksi/
2778	mossie	sparrow	/ˈmɔsi/
2779	dieretuin	zoo	/ˈdiːrəˌtøyn/
2780	sering	wild syringa	/səˈrəŋ/
2781	bredie	bredie	/ˈbrɪə̯.di/
2782	naamwoorde	noun	/ˈnɑːmvʊərdə/
2783	werkwoorde	verb	/ˈværkvʊərdə/
2784	onkruid	weed	/ˈɔŋ.krœi̯t/
2785	spoorweg	railway, railroad	/ˈspoːrwɛχ/
2786	velletjie	A skin, a hide	/ˈfæliˌci/
2787	dagga	cannabis	/ˈda.χa/
2788	beloftes	promise	/bəˈlɔftəs/
2789	peer	pear	/pɪə̯r/
2790	hemde	shirt	/ˈhɛmdə/
2791	poëties	poetic	/puːˈiətis/
2792	eilande	island	/ˈɛɪlɐndə/
2793	litium	lithium	/ˈlitiˌœm/
2794	branderplank	A surfboard	/ˈbran.dərˌplaŋk/
2795	diamant	diamond	/diɐˈmɐnt/
2796	smarag	emerald	/smɐˈrɐx/
2797	verkiesings	election	/fərˈkisəŋs/
2798	blokraaisels	alternative form of blokkiesraaisel	/ˈblɔkrɑɪsəls/
2799	vuis	fist	/fœis/
2800	sjokoladekoek	chocolate cake	/ʃɔkəˈlɑːdəˌkuk/
2801	wedloop	A race in running	/ˈvɛt.lʊə̯p/
2802	polisiestasie	police station	/puˈlisisˌtɑːsi/
2803	begroting	A budget	/bəˈχrʊə̯.təŋ/
2804	opgegaan	to go up, to ascend, to rise	/ˈɔpxəˌxɑːn/
2805	vak	subject	/ˈfɐk/
2806	ontkenning	denial	/ˈɔntˌkɛ.nəŋ/
2807	switser	Swiss	/ˈswətsər/
2808	skêr	scissors	/skɛːr/
2809	maters	mate, buddy	/ˈmɑːtərs/
2810	pikkewyne	penguin	/pəkəˈvɛɪnə/
2811	lappie	A patch, a rag, a piece of cloth	/ˈlɐpi/
2812	bordele	brothel, bordello	/bɔrˈdiələ/
2813	kommunis	communist	/ˌkɔmyˈnəs/
2814	klopjag	A battue, a hunt where game is driven into the open by loud…	/ˈklɔp.jaχ/
2815	aalmoese	alms, charity	/ˈɑːlmusə/
2816	kerker	dungeon	/ˈkɛr.kər/
2817	dragonder	dragoon	/ˈdrɑːxɔnər/
2818	blaaie	page	/ˈblɑɪə/
2819	hasie	hare, rabbit	/ˈhɑːsi/
2820	gedag	a day	/xəˈdɐx/
2821	bygedra	To contribute	/ˈbɛɪxəˌdrɑː/
2822	gemeente	congregation	/χəˈmɪə̯n.tə/
2823	eenhede	unity	/ˈiənhiədə/
2824	synde	To be	/ˈsɛɪndə/
2825	kakebeen	jawbone	/ˈkɑːkəˌbiən/
2826	oorname	takeover	/ˈʊə̯rˌnɑː.mə/
2827	britse	British	/ˈbrətsə/
2828	elite	elite	/iˈliːt/
2829	stoom	steam	/stʊə̯m/
2830	kommunistiese	communist	/ˌkɔmyˈnəstisə/
2831	ysberg	iceberg	/ˈɛɪsbærx/
2832	balle	A ball	/ˈbɐlə/
2833	agitasie	agitation	/ɐxiˈtɑːsi/
2834	wetenskaplik	scientific	/ˌviətənsˈkɐplək/
2835	kokkedore	plural of kokkedoor	/kɔkəˈdʊərə/
2836	kanse	chance	/ˈkɑ̃nsə/
2837	versekering	assurance, act of assuring, something that one has assured	/fərˈsɪə̯.kə.rəŋ/
2838	kappie	bonnet, specifically a sunbonnet	/ˈkɐpi/
2839	teerpad	An asphalt road, a tarmac road	/ˈtɪə̯r.pat/
2840	blits	lightning	/ˈbləts/
2841	slapende	To sleep	/ˈslɑːpəndə/
2842	aai	a caress, pat or stroke	/ɑːi/
2843	tyding	news, tidings	/ˈtɛɪdəŋ/
2844	swaarde	sword	/ˈswɑːrdə/
2845	uitoefen	to exert	/ˈœitˌufən/
2846	aanbeveling	recommendation	/ˈɑːnbəˌfiələŋ/
2847	kapel	chapel, small Christian place of worship	/kaˈpɛl/
2848	vriendekring	circle of friends	/ˈfrindəkrəŋ/
2849	onverhoeds	unexpectedly, suddenly	/ˌɔn.vərˈɦuts/
2850	motiewe	A motive	/mʊəˈtivə/
2851	vog	liquid, moisture	/ˈfɔx/
2852	ousus	older sister	/ˈəʊsœs/
2853	hok	A living shelter for domesticated animals	/ˈhɔk/
2854	luike	hatch	/ˈløykə/
2855	onweer	thunderstorm	/ˈɔn.vɪə̯r/
2856	staking	strike	/ˈstɑː.kəŋ/
2857	kamertjies	plural of kamertjie	/ˈkɑːmərˌcis/
2858	oostenryker	Austrian	/ˈʊəstəˌnrɛɪkər/
2859	handhaaf	to enforce, to maintain, to uphold	/ˈɦant.ɦɑːf/
2860	bevraagteken	to oppugn; to question	/bəˈfrɑːxtiəkən/
2861	stertjies	plural of stertjie	/ˈstærcis/
2862	belgiese	Belgian	/ˈbælxisə/
2863	pêrel	pearl	[ˈpæː.rəl]
2864	oujongkêrel	an bachelor, a celibate	/ˈəʊjɔŋˌkæːrəl/
2865	willekeurig	random	/ˌvələˈkøərəx/
2866	bessies	berry	/ˈbɛsis/
2867	skottels	dish	/ˈskɔtəls/
2868	voorgekom	to occur	/ˈfʊərxəˌkɔm/
2869	syne	his	/ˈsəinə/
2870	bedjie	bed	/ˈbɛːiˌci/
2871	hokkie	A living shelter for domesticated animals	/ˈhɔki/
2872	oliebolle	doughnut, donut	/ˈʊəliˌbɔlə/
2873	pionne	pawn; least valuable piece in chess	/piˈjɔnə/
2874	uitsonderings	exception	/ˈøytˌsɔnərəŋs/
2875	kortlys	short list	/ˈkɔrtlɛɪs/
2876	sleuteltjie	key	/ˈsløətəlˌki/
2877	afgegaan	to go down; descend	/ˈɐfxəˌxɑːn/
2878	somers	summery	/ˈsʊə̯.mərs/
2879	slawe	slave	/ˈslɑː.və/
2880	messe	knife	/ˈmɛsə/
2881	verassing	cremation	/fəˈrɐsəŋ/
2882	wang	cheek	/ˈvɐŋ/
2883	uitskel	to insult, to abuse, to scold	/ˈœi̯t.skɛl/
2884	skuldiges	A guilty person, an offender, a perpetrator	/ˈskœldəxəs/
2885	flieks	movie, film	/ˈfliks/
2886	tandeborsel	A toothbrush	/ˈtan.dəˌbɔr.səl/
2887	kookboek	cookbook, cookery book	/ˈkʊəkbuk/
2888	pilletjie	A pill	/ˈpəliˌci/
2889	vingernaels	fingernail	/ˈfəŋərˌnɑːls/
2890	elektrisiteit	electricity	/ɪə̯.lɛk.tri.siˈtəi̯t/
2891	mummies	A mummy	/ˈmœmis/
2892	mummie	A mummy	/ˈmœ.mi/
2893	stamme	tribe	/ˈstɐmə/
2894	krokodil	crocodile	/krɔkəˈdəl/
2895	begraafplase	cemetery; graveyard	/bəˈxrɑːfplɑːsə/
2896	esels	donkey, ass	/ˈiəsəls/
2897	sissie	sissy	/ˈsəsi/
2898	kanaal	canal	/kaˈnɑːl/
2899	libiese	Libyan	/ˈlibisə/
2900	egiptenaar	Egyptian	/iəˈxəptəˌnɑːr/
2901	suidwaarts	southwards	/ˈsœi̯t.vɑːrts/
2902	kryt	chalk	/ˈkrɛɪt/
2903	staf	staff	/ˈstɐf/
2904	monde	mouth	/ˈmɔndə/
2905	grot	cave, cavern	/χrɔt/
2906	horlosies	watch	/hɔrˈlʊəsis/
2907	onvermydelik	inevitable, unavoidable	/ɔnfərˈmɛɪdələk/
2908	bekentenisse	confession	/bəˈkɛntəˌnəssə/
2909	swyne	A swine, boar, hog	/ˈswɛɪnə/
2910	patos	pathos; a property of anything that touches the feelings or…	/ˈpɑːtɔs/
2911	mossels	mussel	/ˈmɔsəls/
2912	knus	cosy	/knœs/
2913	spruite	stream or small river; river branch	/ˈsprøytə/
2914	mossel	mussel	/ˈmɔ.səl/
2915	lopende	to walk	/ˈlʊəpəndə/
